Model,Scenario,Region,Variable,Unit,2020,2021,2022,2023,2024,2025,2026,2027,2028,2029,2030,2031,2032,2033,2034,2035,2036,2037,2038,2039,2040,2041,2042,2043,2044,2045,2046,2047,2048,2049,2050,Category,IMP_marker
GCAM 4.2,SSP1-19,World,Secondary Energy|Hydrogen|Electricity,EJ/yr,0.039515782,,,,,,,,,,0.17034423,,,,,,,,,,0.404596178,,,,,,,,,,0.778776554,C1,
GCAM 4.2,SSP2-19,World,Secondary Energy|Hydrogen|Electricity,EJ/yr,0.041681795,,,,,,,,,,0.175340724,,,,,,,,,,0.468840626,,,,,,,,,,1.042505017,,
IMAGE 3.2,SSP1_SPA1_19I_D_LB,World,Capacity|Hydrogen|Electricity,GW,3.66E-08,,,,,3.66E-08,,,,,0.0119639,,,,,0.276977646,,,,,2.192804321,,,,,10.95801514,,,,,20.40525146,C1,
IMAGE 3.2,SSP1_SPA1_19I_D_LB,World,Secondary Energy|Hydrogen|Electricity,EJ/yr,8.96E-10,,,,,1.04E-09,,,,,0.00033417,,,,,0.007834959,,,,,0.05928742,,,,,0.282957936,,,,,0.524156608,C1,
IMAGE 3.2,SSP1_SPA1_19I_LIRE_LB,World,Capacity|Hydrogen|Electricity,GW,4.80E-08,,,,,4.80E-08,,,,,0.982216837,,,,,75.53572066,,,,,346.0403872,,,,,608.3252222,,,,,1047.22781,C1,
IMAGE 3.2,SSP1_SPA1_19I_LIRE_LB,World,Secondary Energy|Hydrogen|Electricity,EJ/yr,1.11E-09,,,,,1.37E-09,,,,,0.027335915,,,,,2.138720853,,,,,9.067365592,,,,,12.09080956,,,,,26.81999206,C1,
IMAGE 3.2,SSP1_SPA1_19I_RE_LB,World,Capacity|Hydrogen|Electricity,GW,3.66E-08,,,,,3.66E-08,,,,,1.552448962,,,,,86.24515268,,,,,368.5393818,,,,,637.9714089,,,,,935.7761689,C1,
IMAGE 3.2,SSP1_SPA1_19I_RE_LB,World,Secondary Energy|Hydrogen|Electricity,EJ/yr,8.96E-10,,,,,1.04E-09,,,,,0.041940619,,,,,2.43358205,,,,,9.286282834,,,,,12.37274255,,,,,22.5351253,C1,
IMAGE 3.2,SSP2_SPA1_19I_D_LB,World,Capacity|Hydrogen|Electricity,GW,3.66E-08,,,,,3.66E-08,,,,,0.01251349,,,,,0.243672036,,,,,0.726228588,,,,,6.317461151,,,,,22.33387512,C1,
IMAGE 3.2,SSP2_SPA1_19I_D_LB,World,Secondary Energy|Hydrogen|Electricity,EJ/yr,8.96E-10,,,,,1.04E-09,,,,,0.000355183,,,,,0.006933185,,,,,0.019390944,,,,,0.173804392,,,,,0.616466016,C1,
IMAGE 3.2,SSP2_SPA1_19I_LIRE_LB,World,Capacity|Hydrogen|Electricity,GW,4.80E-08,,,,,4.80E-08,,,,,0.545628402,,,,,75.64892894,,,,,343.9138325,,,,,596.879918,,,,,1076.2006,C1,
IMAGE 3.2,SSP2_SPA1_19I_LIRE_LB,World,Secondary Energy|Hydrogen|Electricity,EJ/yr,1.11E-09,,,,,1.37E-09,,,,,0.014865581,,,,,2.153994099,,,,,9.007472016,,,,,11.94945125,,,,,26.96646147,C1,
IMAGE 3.2,SSP2_SPA1_19I_RE_LB,World,Capacity|Hydrogen|Electricity,GW,3.66E-08,,,,,3.66E-08,,,,,0.505841132,,,,,83.96249081,,,,,389.4991617,,,,,699.7512666,,,,,1152.77119,C1,
IMAGE 3.2,SSP2_SPA1_19I_RE_LB,World,Secondary Energy|Hydrogen|Electricity,EJ/yr,8.96E-10,,,,,1.04E-09,,,,,0.013574121,,,,,2.391312577,,,,,10.31581562,,,,,13.70390929,,,,,28.28032595,C1,
IMAGE 3.2,SSP2_SPA2_19I_LI,World,Capacity|Hydrogen|Electricity,GW,4.80E-08,,,,,4.80E-08,,,,,0.018024469,,,,,0.407790097,,,,,0.917355658,,,,,1.989422293,,,,,8.657755913,C1,
IMAGE 3.2,SSP2_SPA2_19I_LI,World,Secondary Energy|Hydrogen|Electricity,EJ/yr,1.11E-09,,,,,1.37E-09,,,,,0.00051335,,,,,0.010963412,,,,,0.023163211,,,,,0.0561261,,,,,0.244073884,C1,
MESSAGE-GLOBIOM 1.0,SSP1-19,World,Secondary Energy|Hydrogen|Electricity,EJ/yr,0,,,,,,,,,,0,,,,,,,,,,0.051,,,,,,,,,,0.898,,
MESSAGE-GLOBIOM 1.0,SSP2-19,World,Secondary Energy|Hydrogen|Electricity,EJ/yr,0,,,,,,,,,,0.234,,,,,,,,,,2.049,,,,,,,,,,9.661,C1,
MESSAGEix-GLOBIOM 1.0,LowEnergyDemand_1.3_IPCC,World,Secondary Energy|Hydrogen|Electricity,EJ/yr,0,,,,,,,,,,1.289847485,,,,,,,,,,5.651884038,,,,,,,,,,16.66400897,C1,LD
MESSAGEix-GLOBIOM_1.1,EN_NPi2020_200f,World,Capacity|Hydrogen|Electricity,GW,0,,,,,11.86358456,,,,,39.99035717,,,,,95.97335901,,,,,197.9253652,,,,,369.0277319,,,,,656.287755,C2,
MESSAGEix-GLOBIOM_1.1,EN_NPi2020_200f,World,Secondary Energy|Hydrogen|Electricity,EJ/yr,0,,,,,0.355468584,,,,,1.198231072,,,,,2.875649756,,,,,5.930437719,,,,,11.05717793,,,,,19.66435,C2,
MESSAGEix-GLOBIOM_1.1,EN_NPi2020_300f,World,Capacity|Hydrogen|Electricity,GW,0,,,,,3.988419069,,,,,21.45883105,,,,,57.08355316,,,,,126.5445684,,,,,249.5847885,,,,,459.3357004,C2,
MESSAGEix-GLOBIOM_1.1,EN_NPi2020_300f,World,Secondary Energy|Hydrogen|Electricity,EJ/yr,0,,,,,0.108054294,,,,,0.642970955,,,,,1.710394503,,,,,3.791654904,,,,,7.478309017,,,,,13.76307559,C2,
MESSAGEix-GLOBIOM_1.1,EN_NPi2020_400f,World,Capacity|Hydrogen|Electricity,GW,0,,,,,2.190884054,,,,,8.840863336,,,,,30.76764708,,,,,75.03637214,,,,,162.0831095,,,,,309.4101549,C2,
MESSAGEix-GLOBIOM_1.1,EN_NPi2020_400f,World,Secondary Energy|Hydrogen|Electricity,EJ/yr,0,,,,,0,,,,,0.264898788,,,,,0.921891009,,,,,2.248314819,,,,,4.856496209,,,,,9.270856472,C2,
MESSAGEix-GLOBIOM_1.1,EN_NPi2020_450,World,Capacity|Hydrogen|Electricity,GW,0,,,,,26.64499572,,,,,73.04812287,,,,,155.8036536,,,,,276.6275367,,,,,437.4995582,,,,,727.2011132,C1,
MESSAGEix-GLOBIOM_1.1,EN_NPi2020_450,World,Secondary Energy|Hydrogen|Electricity,EJ/yr,0,,,,,0.74053818,,,,,2.188740905,,,,,4.668344873,,,,,8.153351545,,,,,12.65195155,,,,,21.66550638,C1,
MESSAGEix-GLOBIOM_1.1,EN_NPi2020_450f,World,Capacity|Hydrogen|Electricity,GW,0,,,,,2.190884054,,,,,6.779334359,,,,,27.18663522,,,,,68.01254836,,,,,148.4455647,,,,,286.509642,C2,
MESSAGEix-GLOBIOM_1.1,EN_NPi2020_450f,World,Secondary Energy|Hydrogen|Electricity,EJ/yr,0,,,,,0,,,,,0.203129195,,,,,0.814593151,,,,,2.037859986,,,,,4.447874457,,,,,8.584688403,C2,
MESSAGEix-GLOBIOM_1.1,EN_NPi2020_500,World,Capacity|Hydrogen|Electricity,GW,0,,,,,24.76346458,,,,,66.78864374,,,,,147.9637334,,,,,286.0836473,,,,,472.2926086,,,,,778.6532436,C1,
MESSAGEix-GLOBIOM_1.1,EN_NPi2020_500,World,Secondary Energy|Hydrogen|Electricity,EJ/yr,0,,,,,0.67634223,,,,,2.001188132,,,,,4.433437344,,,,,8.571924324,,,,,13.97564078,,,,,23.33078714,C1,
MESSAGEix-GLOBIOM_1.1,EN_NPi2020_500f,World,Capacity|Hydrogen|Electricity,GW,0,,,,,2.190884054,,,,,3.429130805,,,,,18.71516909,,,,,52.8314457,,,,,118.4047673,,,,,236.3259373,C2,
MESSAGEix-GLOBIOM_1.1,EN_NPi2020_500f,World,Secondary Energy|Hydrogen|Electricity,EJ/yr,0,,,,,0,,,,,0.102747046,,,,,0.560762611,,,,,1.582988608,,,,,3.547762041,,,,,7.081034059,C2,
MESSAGEix-GLOBIOM_1.1,EN_NPi2020_600,World,Capacity|Hydrogen|Electricity,GW,0,,,,,16.95357617,,,,,48.86263276,,,,,108.1481212,,,,,217.6059455,,,,,404.0923674,,,,,691.6813439,C2,
MESSAGEix-GLOBIOM_1.1,EN_NPi2020_600,World,Secondary Energy|Hydrogen|Electricity,EJ/yr,0,,,,,0.442334544,,,,,1.398425606,,,,,3.240442154,,,,,6.520126945,,,,,12.1078196,,,,,20.72484811,C2,
MESSAGEix-GLOBIOM_1.1,EN_NPi2020_600_COV,World,Capacity|Hydrogen|Electricity,GW,0,,,,,8.596427461,,,,,28.34528753,,,,,68.42152822,,,,,145.4599722,,,,,279.3598248,,,,,508.2124604,C1,
MESSAGEix-GLOBIOM_1.1,EN_NPi2020_600_COV,World,Secondary Energy|Hydrogen|Electricity,EJ/yr,0,,,,,0.199773741,,,,,0.791508835,,,,,2.05011425,,,,,4.358417146,,,,,8.37045843,,,,,15.22162997,C1,
MESSAGEix-GLOBIOM_1.1,EN_NPi2020_600_DR1p,World,Capacity|Hydrogen|Electricity,GW,0,,,,,23.27536052,,,,,65.18347207,,,,,142.7210229,,,,,263.3892587,,,,,433.8283519,,,,,707.5191348,C1,
MESSAGEix-GLOBIOM_1.1,EN_NPi2020_600_DR1p,World,Secondary Energy|Hydrogen|Electricity,EJ/yr,0,,,,,0.631754168,,,,,1.953092374,,,,,4.27635001,,,,,7.891932359,,,,,12.99879891,,,,,21.19939584,C1,
MESSAGEix-GLOBIOM_1.1,EN_NPi2020_600_DR2p,World,Capacity|Hydrogen|Electricity,GW,0,,,,,20.40251771,,,,,57.82396123,,,,,127.7486449,,,,,249.9043906,,,,,432.8817816,,,,,711.4269129,C1,
MESSAGEix-GLOBIOM_1.1,EN_NPi2020_600_DR2p,World,Secondary Energy|Hydrogen|Electricity,EJ/yr,0,,,,,0.545675179,,,,,1.73257935,,,,,3.827732647,,,,,7.487885255,,,,,12.97043682,,,,,21.2712382,C1,
MESSAGEix-GLOBIOM_1.1,EN_NPi2020_600_DR3p,World,Capacity|Hydrogen|Electricity,GW,0,,,,,16.96011228,,,,,52.29822395,,,,,116.1540621,,,,,228.8546103,,,,,418.0773321,,,,,710.5119259,C1,
MESSAGEix-GLOBIOM_1.1,EN_NPi2020_600_DR3p,World,Secondary Energy|Hydrogen|Electricity,EJ/yr,0,,,,,0.457991632,,,,,1.567011684,,,,,3.480324163,,,,,6.857170687,,,,,12.5268511,,,,,21.24382244,C1,
MESSAGEix-GLOBIOM_1.1,EN_NPi2020_600_DR4p,World,Capacity|Hydrogen|Electricity,GW,0,,,,,14.92466328,,,,,46.74640119,,,,,108.3252796,,,,,217.2686475,,,,,402.6952871,,,,,693.3970666,C1,
MESSAGEix-GLOBIOM_1.1,EN_NPi2020_600_DR4p,World,Secondary Energy|Hydrogen|Electricity,EJ/yr,0,,,,,0.438659464,,,,,1.400662419,,,,,3.245750352,,,,,6.510020485,,,,,12.06595889,,,,,20.73100991,C1,
MESSAGEix-GLOBIOM_1.1,EN_NPi2020_600f_COV,World,Capacity|Hydrogen|Electricity,GW,0,,,,,1.809695648,,,,,1.809695648,,,,,5.105793834,,,,,24.35661721,,,,,63.09569353,,,,,138.8170823,C2,
MESSAGEix-GLOBIOM_1.1,EN_NPi2020_600f_COV,World,Secondary Energy|Hydrogen|Electricity,EJ/yr,0,,,,,0,,,,,0,,,,,0.152984901,,,,,0.729797321,,,,,1.890536265,,,,,4.159376238,C2,
MESSAGEix-GLOBIOM_1.1,NGFS2_Divergent Net Zero Policies,World,Capacity|Hydrogen|Electricity,GW,0,,,,,10.76968028,,,,,33.53181147,,,,,87.20836038,,,,,182.9204686,,,,,346.771069,,,,,617.1154806,C1,
MESSAGEix-GLOBIOM_1.1,NGFS2_Divergent Net Zero Policies,World,Secondary Energy|Hydrogen|Electricity,EJ/yr,0,,,,,0.309376238,,,,,1.004713667,,,,,2.613024102,,,,,5.480846002,,,,,10.39030154,,,,,18.44538475,C1,
MESSAGEix-GLOBIOM_1.1,NGFS2_Net-Zero 2050,World,Capacity|Hydrogen|Electricity,GW,0,,,,,9.959170296,,,,,27.38018368,,,,,61.9560383,,,,,136.3233766,,,,,250.0946718,,,,,403.1294786,C1,
MESSAGEix-GLOBIOM_1.1,NGFS2_Net-Zero 2050,World,Secondary Energy|Hydrogen|Electricity,EJ/yr,0,,,,,0.232761161,,,,,0.754746985,,,,,1.856388776,,,,,4.084657334,,,,,7.493586651,,,,,12.07896857,C1,
REMIND 1.7,CEMICS-1.5-CDR8,World,Secondary Energy|Hydrogen|Electricity,EJ/yr,0,,,,,0.0189,,,,,0,,,,,0,,,,,0.041,,,,,2.3374,,,,,7.2674,C1,
REMIND 2.1,CEMICS_GDPgrowth_1p5,World,Secondary Energy|Hydrogen|Electricity,EJ/yr,0.0351,,,,,0.4704,,,,,2.6157,,,,,6.9362,,,,,11.7882,,,,,17.3312,,,,,24.3762,C1,
REMIND 2.1,CEMICS_HotellingConst_1p5,World,Secondary Energy|Hydrogen|Electricity,EJ/yr,0.0351,,,,,0.3973,,,,,2.1985,,,,,6.0377,,,,,11.2363,,,,,18.7037,,,,,31.0548,C1,
REMIND 2.1,CEMICS_Linear_1p5,World,Secondary Energy|Hydrogen|Electricity,EJ/yr,0.0351,,,,,0.4725,,,,,2.5773,,,,,6.775,,,,,10.9727,,,,,14.88,,,,,20.5479,C1,
REMIND 2.1,CEMICS_opt_1p5,World,Secondary Energy|Hydrogen|Electricity,EJ/yr,0.0351,,,,,0.4166,,,,,2.1484,,,,,5.8304,,,,,9.6383,,,,,12.2002,,,,,14.2262,C1,
REMIND 2.1,LeastTotalCost_LTC_brkLR15_SSP1_P50,World,Secondary Energy|Hydrogen|Electricity,EJ/yr,0.0361,,,,,0.361,,,,,1.8574,,,,,4.9037,,,,,8.2646,,,,,11.1229,,,,,13.5345,C1,
REMIND 2.1,R2p1_SSP1-PkBudg900,World,Secondary Energy|Hydrogen|Electricity,EJ/yr,0.029,,,,,0.6573,,,,,3.4986,,,,,8.5923,,,,,14.2135,,,,,20.6245,,,,,27.6733,C1,
REMIND 2.1,R2p1_SSP2-PkBudg900,World,Secondary Energy|Hydrogen|Electricity,EJ/yr,0.029,,,,,0.6482,,,,,3.2794,,,,,7.7224,,,,,12.4893,,,,,17.9097,,,,,24.1864,C1,
REMIND 2.1,R2p1_SSP5-PkBudg900,World,Secondary Energy|Hydrogen|Electricity,EJ/yr,0.029,,,,,0.5499,,,,,2.6496,,,,,6.0587,,,,,9.6403,,,,,13.1208,,,,,16.5983,C1,
REMIND-MAgPIE 1.5,SSP1-19,World,Secondary Energy|Hydrogen|Electricity,EJ/yr,0,,,,,,,,,,0,,,,,,,,,,0,,,,,,,,,,0,C2,
REMIND-MAgPIE 1.5,SSP2-19,World,Secondary Energy|Hydrogen|Electricity,EJ/yr,0,,,,,,,,,,0,,,,,,,,,,0,,,,,,,,,,0.4523,C1,
REMIND-MAgPIE 1.7-3.0,CD-LINKS_NPi2020_400,World,Secondary Energy|Hydrogen|Electricity,EJ/yr,0,,,,,0,,,,,0,,,,,0,,,,,0,,,,,0.1397,,,,,0.8096,C1,
REMIND-MAgPIE 1.7-3.0,PEP_1p5C_full_eff,World,Secondary Energy|Hydrogen|Electricity,EJ/yr,0,,,,,0,,,,,0,,,,,0,,,,,0,,,,,0.2339,,,,,0.9692,C1,
REMIND-MAgPIE 1.7-3.0,PEP_1p5C_red_eff,World,Secondary Energy|Hydrogen|Electricity,EJ/yr,0,,,,,0,,,,,0,,,,,0.621,,,,,2.6575,,,,,5.4189,,,,,8.054,C1,
REMIND-MAgPIE 1.7-3.0,PEP_2C_red_eff,World,Secondary Energy|Hydrogen|Electricity,EJ/yr,0,,,,,0,,,,,0,,,,,0,,,,,0,,,,,0.313,,,,,1.4114,C1,
REMIND-MAgPIE 2.1-4.2,CEMICS_SSP1-1p5C-fullCDR,World,Secondary Energy|Hydrogen|Electricity,EJ/yr,0.0358,,,,,0.4698,,,,,2.5485,,,,,7.1958,,,,,12.7252,,,,,17.1065,,,,,20.5459,C1,
REMIND-MAgPIE 2.1-4.2,CEMICS_SSP1-1p5C-minCDR,World,Secondary Energy|Hydrogen|Electricity,EJ/yr,0.0358,,,,,0.6048,,,,,3.4099,,,,,10.0546,,,,,18.5721,,,,,27.6093,,,,,36.9351,C1,
REMIND-MAgPIE 2.1-4.2,CEMICS_SSP2-1p5C-fullCDR,World,Secondary Energy|Hydrogen|Electricity,EJ/yr,0.0359,,,,,0.4555,,,,,2.3883,,,,,6.5144,,,,,11.2129,,,,,15.07,,,,,18.3667,C1,
REMIND-MAgPIE 2.1-4.2,CEMICS_SSP2-1p5C-minCDR,World,Secondary Energy|Hydrogen|Electricity,EJ/yr,0.0359,,,,,0.7137,,,,,4.1711,,,,,12.2596,,,,,22.4104,,,,,32.5081,,,,,41.9272,C1,
REMIND-MAgPIE 2.1-4.2,EN_NPi2020_200f,World,Secondary Energy|Hydrogen|Electricity,EJ/yr,0.0287,,,,,0.8644,,,,,4.5355,,,,,9.5338,,,,,13.7968,,,,,19.4518,,,,,27.6656,C1,
REMIND-MAgPIE 2.1-4.2,EN_NPi2020_300f,World,Secondary Energy|Hydrogen|Electricity,EJ/yr,0.0287,,,,,0.8187,,,,,4.3497,,,,,9.1828,,,,,13.0756,,,,,17.7986,,,,,24.3533,C1,
REMIND-MAgPIE 2.1-4.2,EN_NPi2020_400,World,Secondary Energy|Hydrogen|Electricity,EJ/yr,0.0287,,,,,1.6917,,,,,9.9892,,,,,23.7727,,,,,38.2277,,,,,48.8948,,,,,53.3744,C1,
REMIND-MAgPIE 2.1-4.2,EN_NPi2020_400f,World,Secondary Energy|Hydrogen|Electricity,EJ/yr,0.0287,,,,,0.7719,,,,,4.1218,,,,,8.8216,,,,,12.5133,,,,,16.5015,,,,,21.7177,C1,
REMIND-MAgPIE 2.1-4.2,EN_NPi2020_500,World,Secondary Energy|Hydrogen|Electricity,EJ/yr,0.0287,,,,,1.0968,,,,,5.687,,,,,12.3423,,,,,19.3839,,,,,27.5233,,,,,34.5649,C1,
REMIND-MAgPIE 2.1-4.2,EN_NPi2020_500f,World,Secondary Energy|Hydrogen|Electricity,EJ/yr,0.0287,,,,,0.7366,,,,,3.9643,,,,,8.5888,,,,,12.2456,,,,,15.8389,,,,,19.9958,C2,
REMIND-MAgPIE 2.1-4.2,EN_NPi2020_600,World,Secondary Energy|Hydrogen|Electricity,EJ/yr,0.0287,,,,,0.8898,,,,,4.6507,,,,,9.6682,,,,,13.6504,,,,,18.5176,,,,,24.8293,C1,
REMIND-MAgPIE 2.1-4.2,EN_NPi2020_600_COV,World,Secondary Energy|Hydrogen|Electricity,EJ/yr,0.0303,,,,,0.7464,,,,,3.8711,,,,,8.1091,,,,,11.1911,,,,,14.0951,,,,,17.1076,C1,
REMIND-MAgPIE 2.1-4.2,EN_NPi2020_600f_COV,World,Secondary Energy|Hydrogen|Electricity,EJ/yr,0.0303,,,,,0.5934,,,,,3.1258,,,,,6.9751,,,,,10.2311,,,,,13.236,,,,,16.2784,C1,
REMIND-MAgPIE 2.1-4.2,NGFS2_Divergent Net Zero Policies,World,Secondary Energy|Hydrogen|Electricity,EJ/yr,0.0265,,,,,0.6482,,,,,3.3952,,,,,7.4571,,,,,10.8898,,,,,14.2397,,,,,17.5202,C1,
REMIND-MAgPIE 2.1-4.2,NGFS2_Net-Zero 2050,World,Secondary Energy|Hydrogen|Electricity,EJ/yr,0.0265,,,,,0.6271,,,,,3.3491,,,,,7.5603,,,,,11.0108,,,,,13.9103,,,,,16.4924,C1,
REMIND-MAgPIE 2.1-4.2,NGFS2_Net-Zero 2050 - IPD-95th,World,Secondary Energy|Hydrogen|Electricity,EJ/yr,0.0267,,,,,0.6633,,,,,3.4969,,,,,7.6051,,,,,10.7094,,,,,13.2624,,,,,15.475,C1,
REMIND-MAgPIE 2.1-4.2,NGFS2_Net-Zero 2050 - IPD-median,World,Secondary Energy|Hydrogen|Electricity,EJ/yr,0.0265,,,,,0.6557,,,,,3.4815,,,,,7.6809,,,,,10.9682,,,,,13.7512,,,,,16.2269,C1,
REMIND-MAgPIE 2.1-4.2,SusDev_SDP-PkBudg1000,World,Secondary Energy|Hydrogen|Electricity,EJ/yr,0.0289,,,,,0.7309,,,,,4.3151,,,,,9.7727,,,,,13.9997,,,,,17.7335,,,,,21.1831,C1,SP
REMIND-MAgPIE 2.1-4.2,SusDev_SSP1-PkBudg900,World,Secondary Energy|Hydrogen|Electricity,EJ/yr,0.0289,,,,,0.8664,,,,,4.7605,,,,,10.6206,,,,,15.9453,,,,,21.9242,,,,,28.4251,C1,
REMIND-MAgPIE 2.1-4.2,SusDev_SSP2-PkBudg900,World,Secondary Energy|Hydrogen|Electricity,EJ/yr,0.0289,,,,,0.859,,,,,4.3132,,,,,9.3416,,,,,13.8385,,,,,18.8771,,,,,24.679,C1,
REMIND-MAgPIE 2.1-4.3,DeepElec_SSP2_ HighRE_Budg900,World,Secondary Energy|Hydrogen|Electricity,EJ/yr,0.021,,,,,0.7344,,,,,4.5788,,,,,11.7763,,,,,19.9733,,,,,28.7663,,,,,37.9376,C1,Ren
REMIND-MAgPIE 2.1-4.3,DeepElec_SSP2_def_Budg900,World,Secondary Energy|Hydrogen|Electricity,EJ/yr,0.021,,,,,0.7402,,,,,3.8313,,,,,8.097,,,,,11.2847,,,,,14.4497,,,,,17.5979,C1,
WITCH 5.0,EN_NPi2020_400f,World,Capacity|Hydrogen|Electricity,GW,3.085371089,,,,,6.625521188,,,,,19.98575149,,,,,45.47780261,,,,,79.7516841,,,,,123.0737492,,,,,203.5014087,C1,
WITCH 5.0,EN_NPi2020_400f,World,Secondary Energy|Hydrogen|Electricity,EJ/yr,0.050463964,,,,,0.031828808,,,,,0.13714299,,,,,0.801017585,,,,,1.398684274,,,,,2.164296142,,,,,3.66025785,C1,
WITCH 5.0,EN_NPi2020_450,World,Capacity|Hydrogen|Electricity,GW,3.085371089,,,,,7.193718459,,,,,23.59695529,,,,,60.17580093,,,,,94.52831882,,,,,136.2199063,,,,,218.7162343,C1,
WITCH 5.0,EN_NPi2020_450,World,Secondary Energy|Hydrogen|Electricity,EJ/yr,0.050463964,,,,,0.054525478,,,,,0.135195492,,,,,1.062660957,,,,,1.658447562,,,,,2.404373946,,,,,3.936892217,C1,
WITCH 5.0,EN_NPi2020_450f,World,Capacity|Hydrogen|Electricity,GW,3.085371089,,,,,6.556878253,,,,,19.73652586,,,,,39.55164064,,,,,78.69969068,,,,,121.7372132,,,,,200.4166024,C1,
WITCH 5.0,EN_NPi2020_450f,World,Secondary Energy|Hydrogen|Electricity,EJ/yr,0.050463964,,,,,0.029560099,,,,,0.133348794,,,,,0.695573949,,,,,1.38226563,,,,,2.143943385,,,,,3.60509551,C1,
WITCH 5.0,EN_NPi2020_500,World,Capacity|Hydrogen|Electricity,GW,3.085371089,,,,,6.409475032,,,,,20.9397812,,,,,58.9212033,,,,,93.00466342,,,,,133.071132,,,,,217.3799358,C1,
WITCH 5.0,EN_NPi2020_500,World,Secondary Energy|Hydrogen|Electricity,EJ/yr,0.050463964,,,,,0.031044649,,,,,0.180098828,,,,,1.046635662,,,,,1.632175752,,,,,2.348196908,,,,,3.912838843,C1,
WITCH 5.0,EN_NPi2020_500f,World,Capacity|Hydrogen|Electricity,GW,3.085371089,,,,,6.496265329,,,,,19.37388165,,,,,38.91366511,,,,,77.59839948,,,,,120.7734351,,,,,197.4756515,C1,
WITCH 5.0,EN_NPi2020_500f,World,Secondary Energy|Hydrogen|Electricity,EJ/yr,0.050463964,,,,,0.030890776,,,,,0.13015458,,,,,0.685475752,,,,,1.365254993,,,,,2.130843535,,,,,3.554561726,C1,
WITCH 5.0,EN_NPi2020_600,World,Capacity|Hydrogen|Electricity,GW,3.085371089,,,,,6.658658782,,,,,20.14222148,,,,,46.16439103,,,,,80.86259945,,,,,126.9346664,,,,,211.2941311,C3,
WITCH 5.0,EN_NPi2020_600,World,Secondary Energy|Hydrogen|Electricity,EJ/yr,0.050463964,,,,,0.019366905,,,,,0.138064541,,,,,0.811983698,,,,,1.411608701,,,,,2.225609211,,,,,3.80329436,C3,
AIM/CGE 2.0,SSP1-26,,,,,,,,,,,,,,,,,,,,,,,,,,,,,,,,,,,C3,
AIM/CGE 2.0,SSP1-34,,,,,,,,,,,,,,,,,,,,,,,,,,,,,,,,,,,C5,
AIM/CGE 2.0,SSP1-45,,,,,,,,,,,,,,,,,,,,,,,,,,,,,,,,,,,C6,
AIM/CGE 2.0,SSP1-Baseline,,,,,,,,,,,,,,,,,,,,,,,,,,,,,,,,,,,C7,
AIM/CGE 2.0,SSP4-26,,,,,,,,,,,,,,,,,,,,,,,,,,,,,,,,,,,C3,
AIM/CGE 2.0,SSP4-34,,,,,,,,,,,,,,,,,,,,,,,,,,,,,,,,,,,C5,
AIM/CGE 2.0,SSP4-45,,,,,,,,,,,,,,,,,,,,,,,,,,,,,,,,,,,C6,
AIM/CGE 2.0,SSP4-Baseline,,,,,,,,,,,,,,,,,,,,,,,,,,,,,,,,,,,C7,
AIM/CGE 2.1,CD-LINKS_INDC2030i_1600,,,,,,,,,,,,,,,,,,,,,,,,,,,,,,,,,,,C5,
AIM/CGE 2.1,CD-LINKS_INDCi,,,,,,,,,,,,,,,,,,,,,,,,,,,,,,,,,,,C7,
AIM/CGE 2.1,CD-LINKS_NDC2030i_1000,,,,,,,,,,,,,,,,,,,,,,,,,,,,,,,,,,,C4,
AIM/CGE 2.1,CD-LINKS_NPi2020_1000,,,,,,,,,,,,,,,,,,,,,,,,,,,,,,,,,,,C3,
AIM/CGE 2.1,CD-LINKS_NPi2020_1600,,,,,,,,,,,,,,,,,,,,,,,,,,,,,,,,,,,C5,
AIM/CGE 2.1,CD-LINKS_NPi2020_400,,,,,,,,,,,,,,,,,,,,,,,,,,,,,,,,,,,C1,
AIM/CGE 2.1,CO_Bridge,,,,,,,,,,,,,,,,,,,,,,,,,,,,,,,,,,,C3,
AIM/CGE 2.1,CO_CurPol,,,,,,,,,,,,,,,,,,,,,,,,,,,,,,,,,,,C7,
AIM/CGE 2.2,EN_INDCi2030_1000f,,,,,,,,,,,,,,,,,,,,,,,,,,,,,,,,,,,C3,
AIM/CGE 2.2,EN_INDCi2030_1200,,,,,,,,,,,,,,,,,,,,,,,,,,,,,,,,,,,C4,
AIM/CGE 2.2,EN_INDCi2030_1200f,,,,,,,,,,,,,,,,,,,,,,,,,,,,,,,,,,,C4,
AIM/CGE 2.2,EN_INDCi2030_1400,,,,,,,,,,,,,,,,,,,,,,,,,,,,,,,,,,,C4,
AIM/CGE 2.2,EN_INDCi2030_1400f,,,,,,,,,,,,,,,,,,,,,,,,,,,,,,,,,,,C4,
AIM/CGE 2.2,EN_INDCi2030_1600,,,,,,,,,,,,,,,,,,,,,,,,,,,,,,,,,,,C5,
AIM/CGE 2.2,EN_INDCi2030_1600f,,,,,,,,,,,,,,,,,,,,,,,,,,,,,,,,,,,C5,
AIM/CGE 2.2,EN_INDCi2030_1800,,,,,,,,,,,,,,,,,,,,,,,,,,,,,,,,,,,C5,
AIM/CGE 2.2,EN_INDCi2030_1800f,,,,,,,,,,,,,,,,,,,,,,,,,,,,,,,,,,,C5,
AIM/CGE 2.2,EN_INDCi2030_800f,,,,,,,,,,,,,,,,,,,,,,,,,,,,,,,,,,,C3,
AIM/CGE 2.2,EN_INDCi2030_900f,,,,,,,,,,,,,,,,,,,,,,,,,,,,,,,,,,,C3,
AIM/CGE 2.2,EN_INDCi2100,,,,,,,,,,,,,,,,,,,,,,,,,,,,,,,,,,,C6,
AIM/CGE 2.2,EN_NPi2020_1000,,,,,,,,,,,,,,,,,,,,,,,,,,,,,,,,,,,C3,
AIM/CGE 2.2,EN_NPi2020_1000f,,,,,,,,,,,,,,,,,,,,,,,,,,,,,,,,,,,C3,
AIM/CGE 2.2,EN_NPi2020_1200,,,,,,,,,,,,,,,,,,,,,,,,,,,,,,,,,,,C3,
AIM/CGE 2.2,EN_NPi2020_1200f,,,,,,,,,,,,,,,,,,,,,,,,,,,,,,,,,,,C4,
AIM/CGE 2.2,EN_NPi2020_1400,,,,,,,,,,,,,,,,,,,,,,,,,,,,,,,,,,,C4,
AIM/CGE 2.2,EN_NPi2020_1400f,,,,,,,,,,,,,,,,,,,,,,,,,,,,,,,,,,,C4,
AIM/CGE 2.2,EN_NPi2020_1600,,,,,,,,,,,,,,,,,,,,,,,,,,,,,,,,,,,C5,
AIM/CGE 2.2,EN_NPi2020_1600f,,,,,,,,,,,,,,,,,,,,,,,,,,,,,,,,,,,C5,
AIM/CGE 2.2,EN_NPi2020_1800,,,,,,,,,,,,,,,,,,,,,,,,,,,,,,,,,,,C5,
AIM/CGE 2.2,EN_NPi2020_1800f,,,,,,,,,,,,,,,,,,,,,,,,,,,,,,,,,,,C5,
AIM/CGE 2.2,EN_NPi2020_300f,,,,,,,,,,,,,,,,,,,,,,,,,,,,,,,,,,,C1,
AIM/CGE 2.2,EN_NPi2020_400f,,,,,,,,,,,,,,,,,,,,,,,,,,,,,,,,,,,C2,
AIM/CGE 2.2,EN_NPi2020_500f,,,,,,,,,,,,,,,,,,,,,,,,,,,,,,,,,,,C2,
AIM/CGE 2.2,EN_NPi2020_600,,,,,,,,,,,,,,,,,,,,,,,,,,,,,,,,,,,C1,
AIM/CGE 2.2,EN_NPi2020_600f,,,,,,,,,,,,,,,,,,,,,,,,,,,,,,,,,,,C2,
AIM/CGE 2.2,EN_NPi2020_700,,,,,,,,,,,,,,,,,,,,,,,,,,,,,,,,,,,C3,
AIM/CGE 2.2,EN_NPi2020_700f,,,,,,,,,,,,,,,,,,,,,,,,,,,,,,,,,,,C3,
AIM/CGE 2.2,EN_NPi2020_800,,,,,,,,,,,,,,,,,,,,,,,,,,,,,,,,,,,C3,
AIM/CGE 2.2,EN_NPi2020_800f,,,,,,,,,,,,,,,,,,,,,,,,,,,,,,,,,,,C3,
AIM/CGE 2.2,EN_NPi2020_900,,,,,,,,,,,,,,,,,,,,,,,,,,,,,,,,,,,C3,
GCAM 5.3,NGFS2_Current Policies,,,,,,,,,,,,,,,,,,,,,,,,,,,,,,,,,,,C7,CurPol
AIM/CGE 2.2,EN_NPi2100,,,,,,,,,,,,,,,,,,,,,,,,,,,,,,,,,,,C7,
AIM/Hub-Global 2.0,1.5C,,,,,,,,,,,,,,,,,,,,,,,,,,,,,,,,,,,C1,
AIM/Hub-Global 2.0,2.5C,,,,,,,,,,,,,,,,,,,,,,,,,,,,,,,,,,,C6,
AIM/Hub-Global 2.0,2C,,,,,,,,,,,,,,,,,,,,,,,,,,,,,,,,,,,C5,
AIM/Hub-Global 2.0,Baseline,,,,,,,,,,,,,,,,,,,,,,,,,,,,,,,,,,,C7,
AIM/Hub-Global 2.0,WB2C,,,,,,,,,,,,,,,,,,,,,,,,,,,,,,,,,,,C3,
C-ROADS-5.005,Ratchet-1.5-allCDR,,,,,,,,,,,,,,,,,,,,,,,,,,,,,,,,,,,C2,
C-ROADS-5.005,Ratchet-1.5-limCDR,,,,,,,,,,,,,,,,,,,,,,,,,,,,,,,,,,,C2,
C-ROADS-5.005,Ratchet-1.5-limCDR-noOS,,,,,,,,,,,,,,,,,,,,,,,,,,,,,,,,,,,C1,
C-ROADS-5.005,Ratchet-1.5-noCDR,,,,,,,,,,,,,,,,,,,,,,,,,,,,,,,,,,,C1,
C-ROADS-5.005,Ratchet-1.5-noCDR-noOS,,,,,,,,,,,,,,,,,,,,,,,,,,,,,,,,,,,C1,
C-ROADS-5.005,Reference,,,,,,,,,,,,,,,,,,,,,,,,,,,,,,,,,,,C8,
COFFEE 1.1,CO_2Deg2020,,,,,,,,,,,,,,,,,,,,,,,,,,,,,,,,,,,C4,
COFFEE 1.1,CO_2Deg2030,,,,,,,,,,,,,,,,,,,,,,,,,,,,,,,,,,,C4,
COFFEE 1.1,CO_BAU,,,,,,,,,,,,,,,,,,,,,,,,,,,,,,,,,,,C7,
COFFEE 1.1,CO_Bridge,,,,,,,,,,,,,,,,,,,,,,,,,,,,,,,,,,,C3,
COFFEE 1.1,CO_CurPol,,,,,,,,,,,,,,,,,,,,,,,,,,,,,,,,,,,C6,
COFFEE 1.1,CO_GPP,,,,,,,,,,,,,,,,,,,,,,,,,,,,,,,,,,,C5,
COFFEE 1.1,CO_NDCplus,,,,,,,,,,,,,,,,,,,,,,,,,,,,,,,,,,,C6,
COFFEE 1.1,EN_INDCi2030_1000,,,,,,,,,,,,,,,,,,,,,,,,,,,,,,,,,,,C4,
COFFEE 1.1,EN_INDCi2030_1000_NDCp,,,,,,,,,,,,,,,,,,,,,,,,,,,,,,,,,,,C4,
COFFEE 1.1,EN_INDCi2030_1000f,,,,,,,,,,,,,,,,,,,,,,,,,,,,,,,,,,,C5,
COFFEE 1.1,EN_INDCi2030_1200,,,,,,,,,,,,,,,,,,,,,,,,,,,,,,,,,,,C4,
COFFEE 1.1,EN_INDCi2030_1200f,,,,,,,,,,,,,,,,,,,,,,,,,,,,,,,,,,,C5,
COFFEE 1.1,EN_INDCi2030_1400,,,,,,,,,,,,,,,,,,,,,,,,,,,,,,,,,,,C5,
COFFEE 1.1,EN_INDCi2030_1400f,,,,,,,,,,,,,,,,,,,,,,,,,,,,,,,,,,,C5,
COFFEE 1.1,EN_INDCi2030_1600,,,,,,,,,,,,,,,,,,,,,,,,,,,,,,,,,,,C5,
COFFEE 1.1,EN_INDCi2030_1600f,,,,,,,,,,,,,,,,,,,,,,,,,,,,,,,,,,,C5,
COFFEE 1.1,EN_INDCi2030_1800,,,,,,,,,,,,,,,,,,,,,,,,,,,,,,,,,,,C5,
COFFEE 1.1,EN_INDCi2030_1800f,,,,,,,,,,,,,,,,,,,,,,,,,,,,,,,,,,,C5,
COFFEE 1.1,EN_INDCi2030_2000,,,,,,,,,,,,,,,,,,,,,,,,,,,,,,,,,,,C5,
COFFEE 1.1,EN_INDCi2030_2000f,,,,,,,,,,,,,,,,,,,,,,,,,,,,,,,,,,,C5,
COFFEE 1.1,EN_INDCi2030_2500,,,,,,,,,,,,,,,,,,,,,,,,,,,,,,,,,,,C6,
COFFEE 1.1,EN_INDCi2030_2500f,,,,,,,,,,,,,,,,,,,,,,,,,,,,,,,,,,,C6,
COFFEE 1.1,EN_INDCi2030_400f,,,,,,,,,,,,,,,,,,,,,,,,,,,,,,,,,,,C2,
COFFEE 1.1,EN_INDCi2030_500,,,,,,,,,,,,,,,,,,,,,,,,,,,,,,,,,,,C3,
COFFEE 1.1,EN_INDCi2030_500f,,,,,,,,,,,,,,,,,,,,,,,,,,,,,,,,,,,C2,
COFFEE 1.1,EN_INDCi2030_600,,,,,,,,,,,,,,,,,,,,,,,,,,,,,,,,,,,C3,
COFFEE 1.1,EN_INDCi2030_600_NDCp,,,,,,,,,,,,,,,,,,,,,,,,,,,,,,,,,,,C3,
COFFEE 1.1,EN_INDCi2030_600f,,,,,,,,,,,,,,,,,,,,,,,,,,,,,,,,,,,C4,
COFFEE 1.1,EN_INDCi2030_700,,,,,,,,,,,,,,,,,,,,,,,,,,,,,,,,,,,C3,
COFFEE 1.1,EN_INDCi2030_700f,,,,,,,,,,,,,,,,,,,,,,,,,,,,,,,,,,,C4,
COFFEE 1.1,EN_INDCi2030_800,,,,,,,,,,,,,,,,,,,,,,,,,,,,,,,,,,,C3,
COFFEE 1.1,EN_INDCi2030_800f,,,,,,,,,,,,,,,,,,,,,,,,,,,,,,,,,,,C4,
COFFEE 1.1,EN_INDCi2030_900,,,,,,,,,,,,,,,,,,,,,,,,,,,,,,,,,,,C3,
COFFEE 1.1,EN_INDCi2030_900f,,,,,,,,,,,,,,,,,,,,,,,,,,,,,,,,,,,C4,
COFFEE 1.1,EN_INDCi2100,,,,,,,,,,,,,,,,,,,,,,,,,,,,,,,,,,,C6,
COFFEE 1.1,EN_INDCi2100_COV_NDCp,,,,,,,,,,,,,,,,,,,,,,,,,,,,,,,,,,,C6,
COFFEE 1.1,EN_NPi2020_1000,,,,,,,,,,,,,,,,,,,,,,,,,,,,,,,,,,,C4,
COFFEE 1.1,EN_NPi2020_1000f,,,,,,,,,,,,,,,,,,,,,,,,,,,,,,,,,,,C5,
COFFEE 1.1,EN_NPi2020_1200,,,,,,,,,,,,,,,,,,,,,,,,,,,,,,,,,,,C4,
COFFEE 1.1,EN_NPi2020_1200f,,,,,,,,,,,,,,,,,,,,,,,,,,,,,,,,,,,C5,
COFFEE 1.1,EN_NPi2020_1400,,,,,,,,,,,,,,,,,,,,,,,,,,,,,,,,,,,C5,
COFFEE 1.1,EN_NPi2020_1400f,,,,,,,,,,,,,,,,,,,,,,,,,,,,,,,,,,,C5,
COFFEE 1.1,EN_NPi2020_1600,,,,,,,,,,,,,,,,,,,,,,,,,,,,,,,,,,,C5,
COFFEE 1.1,EN_NPi2020_1600f,,,,,,,,,,,,,,,,,,,,,,,,,,,,,,,,,,,C5,
COFFEE 1.1,EN_NPi2020_1800,,,,,,,,,,,,,,,,,,,,,,,,,,,,,,,,,,,C5,
COFFEE 1.1,EN_NPi2020_1800f,,,,,,,,,,,,,,,,,,,,,,,,,,,,,,,,,,,C5,
COFFEE 1.1,EN_NPi2020_2000,,,,,,,,,,,,,,,,,,,,,,,,,,,,,,,,,,,C5,
COFFEE 1.1,EN_NPi2020_2000f,,,,,,,,,,,,,,,,,,,,,,,,,,,,,,,,,,,C5,
COFFEE 1.1,EN_NPi2020_2500,,,,,,,,,,,,,,,,,,,,,,,,,,,,,,,,,,,C6,
COFFEE 1.1,EN_NPi2020_2500f,,,,,,,,,,,,,,,,,,,,,,,,,,,,,,,,,,,C6,
COFFEE 1.1,EN_NPi2020_400,,,,,,,,,,,,,,,,,,,,,,,,,,,,,,,,,,,C1,
COFFEE 1.1,EN_NPi2020_400_lowBECCS,,,,,,,,,,,,,,,,,,,,,,,,,,,,,,,,,,,C3,
COFFEE 1.1,EN_NPi2020_400f,,,,,,,,,,,,,,,,,,,,,,,,,,,,,,,,,,,C2,
WITCH 5.0,CO_Bridge,,,,,,,,,,,,,,,,,,,,,,,,,,,,,,,,,,,C3,GS
COFFEE 1.1,EN_NPi2020_500,,,,,,,,,,,,,,,,,,,,,,,,,,,,,,,,,,,C3,
COFFEE 1.1,EN_NPi2020_500f,,,,,,,,,,,,,,,,,,,,,,,,,,,,,,,,,,,C2,
COFFEE 1.1,EN_NPi2020_600,,,,,,,,,,,,,,,,,,,,,,,,,,,,,,,,,,,C3,
COFFEE 1.1,EN_NPi2020_600f,,,,,,,,,,,,,,,,,,,,,,,,,,,,,,,,,,,C4,
COFFEE 1.1,EN_NPi2020_700,,,,,,,,,,,,,,,,,,,,,,,,,,,,,,,,,,,C3,
COFFEE 1.1,EN_NPi2020_700f,,,,,,,,,,,,,,,,,,,,,,,,,,,,,,,,,,,C4,
COFFEE 1.1,EN_NPi2020_800,,,,,,,,,,,,,,,,,,,,,,,,,,,,,,,,,,,C3,
COFFEE 1.1,EN_NPi2020_800f,,,,,,,,,,,,,,,,,,,,,,,,,,,,,,,,,,,C4,
COFFEE 1.1,EN_NPi2020_900,,,,,,,,,,,,,,,,,,,,,,,,,,,,,,,,,,,C3,
COFFEE 1.1,EN_NPi2020_900f,,,,,,,,,,,,,,,,,,,,,,,,,,,,,,,,,,,C4,
COFFEE 1.1,EN_NPi2100,,,,,,,,,,,,,,,,,,,,,,,,,,,,,,,,,,,C6,
EPPA 6,2CNow_Gradual,,,,,,,,,,,,,,,,,,,,,,,,,,,,,,,,,,,C4,
EPPA 6,Paris1.5C_OptTax,,,,,,,,,,,,,,,,,,,,,,,,,,,,,,,,,,,C3,
EPPA 6,Paris2C_Gradual,,,,,,,,,,,,,,,,,,,,,,,,,,,,,,,,,,,C4,
EPPA 6,Paris2C_OptTax,,,,,,,,,,,,,,,,,,,,,,,,,,,,,,,,,,,C4,
EPPA 6,ParisFlat,,,,,,,,,,,,,,,,,,,,,,,,,,,,,,,,,,,C6,
EPPA 6,ParisForever,,,,,,,,,,,,,,,,,,,,,,,,,,,,,,,,,,,C7,
EPPA 6,Ref,,,,,,,,,,,,,,,,,,,,,,,,,,,,,,,,,,,C7,
GCAM 4.2,SSP3-Baseline,,,,,,,,,,,,,,,,,,,,,,,,,,,,,,,,,,,C8,
GCAM 4.2,SSP4-Baseline,,,,,,,,,,,,,,,,,,,,,,,,,,,,,,,,,,,C7,
GCAM 5.2,NGFS1_Current policies (Hot house world, Rep),,,,,,,,,,,,,,,,,,,,,,,,,,,,,,,,,,,C7,
GCAM 5.2,NGFS1_Immediate 2C with CDR (Orderly, Rep),,,,,,,,,,,,,,,,,,,,,,,,,,,,,,,,,,,C4,
GCAM 5.3,NGFS2_Below 2°C,,,,,,,,,,,,,,,,,,,,,,,,,,,,,,,,,,,C3,
GCAM 5.3,NGFS2_Delayed Transition,,,,,,,,,,,,,,,,,,,,,,,,,,,,,,,,,,,C4,
GCAM 5.3,NGFS2_Divergent Net Zero Policies,,,,,,,,,,,,,,,,,,,,,,,,,,,,,,,,,,,C2,
GCAM 5.3,NGFS2_Nationally Determined Contributions (NDCs),,,,,,,,,,,,,,,,,,,,,,,,,,,,,,,,,,,C5,
GCAM 5.3,NGFS2_Net-Zero 2050,,,,,,,,,,,,,,,,,,,,,,,,,,,,,,,,,,,C2,
GCAM 5.3,R_BAU,,,,,,,,,,,,,,,,,,,,,,,,,,,,,,,,,,,C7,
GCAM 5.3,R_MAC_30_n0,,,,,,,,,,,,,,,,,,,,,,,,,,,,,,,,,,,C1,
GCAM 5.3,R_MAC_35_n0,,,,,,,,,,,,,,,,,,,,,,,,,,,,,,,,,,,C3,
GCAM 5.3,R_MAC_35_n8,,,,,,,,,,,,,,,,,,,,,,,,,,,,,,,,,,,C1,
GCAM 5.3,R_MAC_40_n0,,,,,,,,,,,,,,,,,,,,,,,,,,,,,,,,,,,C3,
GCAM 5.3,R_MAC_40_n8,,,,,,,,,,,,,,,,,,,,,,,,,,,,,,,,,,,C1,
GCAM 5.3,R_MAC_45_n0,,,,,,,,,,,,,,,,,,,,,,,,,,,,,,,,,,,C3,
GCAM 5.3,R_MAC_45_n8,,,,,,,,,,,,,,,,,,,,,,,,,,,,,,,,,,,C1,
GCAM 5.3,R_MAC_50_n0,,,,,,,,,,,,,,,,,,,,,,,,,,,,,,,,,,,C3,
GCAM 5.3,R_MAC_50_n8,,,,,,,,,,,,,,,,,,,,,,,,,,,,,,,,,,,C1,
GCAM 5.3,R_MAC_55_n0,,,,,,,,,,,,,,,,,,,,,,,,,,,,,,,,,,,C3,
GCAM 5.3,R_MAC_55_n8,,,,,,,,,,,,,,,,,,,,,,,,,,,,,,,,,,,C2,
GCAM 5.3,R_MAC_60_n0,,,,,,,,,,,,,,,,,,,,,,,,,,,,,,,,,,,C3,
GCAM 5.3,R_MAC_60_n8,,,,,,,,,,,,,,,,,,,,,,,,,,,,,,,,,,,C2,
GCAM 5.3,R_MAC_65_n0,,,,,,,,,,,,,,,,,,,,,,,,,,,,,,,,,,,C3,
GCAM 5.3,R_MAC_65_n8,,,,,,,,,,,,,,,,,,,,,,,,,,,,,,,,,,,C3,
GCAM 5.3,R_MAC_70_n0,,,,,,,,,,,,,,,,,,,,,,,,,,,,,,,,,,,C4,
GCAM 5.3,R_MAC_70_n8,,,,,,,,,,,,,,,,,,,,,,,,,,,,,,,,,,,C3,
GCAM 5.3,R_MAC_75_n0,,,,,,,,,,,,,,,,,,,,,,,,,,,,,,,,,,,C4,
GCAM 5.3,R_MAC_75_n8,,,,,,,,,,,,,,,,,,,,,,,,,,,,,,,,,,,C3,
GCAM 5.3,R_MAC_80_n0,,,,,,,,,,,,,,,,,,,,,,,,,,,,,,,,,,,C4,
GCAM 5.3,R_MAC_80_n8,,,,,,,,,,,,,,,,,,,,,,,,,,,,,,,,,,,C4,
GCAM 5.3,R_MAC_85_n0,,,,,,,,,,,,,,,,,,,,,,,,,,,,,,,,,,,C5,
GCAM 5.3,R_MAC_85_n8,,,,,,,,,,,,,,,,,,,,,,,,,,,,,,,,,,,C4,
GCAM 5.3,R_MAC_90_n0,,,,,,,,,,,,,,,,,,,,,,,,,,,,,,,,,,,C5,
GCAM 5.3,R_MAC_90_n8,,,,,,,,,,,,,,,,,,,,,,,,,,,,,,,,,,,C4,
GCAM 5.3,R_MAC_95_n0,,,,,,,,,,,,,,,,,,,,,,,,,,,,,,,,,,,C5,
GCAM 5.3,R_MAC_95_n8,,,,,,,,,,,,,,,,,,,,,,,,,,,,,,,,,,,C4,
GCAM 5.3,R_MAC_99_n0,,,,,,,,,,,,,,,,,,,,,,,,,,,,,,,,,,,C5,
GCAM 5.3,R_MAC_99_n8,,,,,,,,,,,,,,,,,,,,,,,,,,,,,,,,,,,C5,
GCAM 5.3,SSP_SSP2,,,,,,,,,,,,,,,,,,,,,,,,,,,,,,,,,,,C3,
GCAM 5.3,SSP_SSP3,,,,,,,,,,,,,,,,,,,,,,,,,,,,,,,,,,,C2,
GCAM 5.3,SSP_SSP4,,,,,,,,,,,,,,,,,,,,,,,,,,,,,,,,,,,C2,
GCAM 5.3,SSP_SSP5,,,,,,,,,,,,,,,,,,,,,,,,,,,,,,,,,,,C3,
GCAM-PR 5.3,PR_CP_PriceOnly,,,,,,,,,,,,,,,,,,,,,,,,,,,,,,,,,,,C7,
GCAM-PR 5.3,PR_NDC_PriceOnly,,,,,,,,,,,,,,,,,,,,,,,,,,,,,,,,,,,C6,
GCAM-PR 5.3,PR_baseline,,,,,,,,,,,,,,,,,,,,,,,,,,,,,,,,,,,C7,
GEM-E3_V2021,EN_INDCi2030_1000,,,,,,,,,,,,,,,,,,,,,,,,,,,,,,,,,,,C3,
GEM-E3_V2021,EN_INDCi2030_1000_COV,,,,,,,,,,,,,,,,,,,,,,,,,,,,,,,,,,,C3,
GEM-E3_V2021,EN_INDCi2030_1000_COV_NDCp,,,,,,,,,,,,,,,,,,,,,,,,,,,,,,,,,,,C3,
GEM-E3_V2021,EN_INDCi2030_1000_NDCp,,,,,,,,,,,,,,,,,,,,,,,,,,,,,,,,,,,C3,
GEM-E3_V2021,EN_INDCi2030_1000f,,,,,,,,,,,,,,,,,,,,,,,,,,,,,,,,,,,C4,
GEM-E3_V2021,EN_INDCi2030_1000f_COV,,,,,,,,,,,,,,,,,,,,,,,,,,,,,,,,,,,C3,
GEM-E3_V2021,EN_INDCi2030_1000f_COV_NDCp,,,,,,,,,,,,,,,,,,,,,,,,,,,,,,,,,,,C3,
GEM-E3_V2021,EN_INDCi2030_1000f_NDCp,,,,,,,,,,,,,,,,,,,,,,,,,,,,,,,,,,,C4,
GEM-E3_V2021,EN_INDCi2030_1400,,,,,,,,,,,,,,,,,,,,,,,,,,,,,,,,,,,C4,
GEM-E3_V2021,EN_INDCi2030_1400f,,,,,,,,,,,,,,,,,,,,,,,,,,,,,,,,,,,C4,
GEM-E3_V2021,EN_INDCi2030_1800,,,,,,,,,,,,,,,,,,,,,,,,,,,,,,,,,,,C5,
GEM-E3_V2021,EN_INDCi2030_1800f,,,,,,,,,,,,,,,,,,,,,,,,,,,,,,,,,,,C5,
GEM-E3_V2021,EN_INDCi2030_600f,,,,,,,,,,,,,,,,,,,,,,,,,,,,,,,,,,,C2,
GEM-E3_V2021,EN_INDCi2030_600f_COV,,,,,,,,,,,,,,,,,,,,,,,,,,,,,,,,,,,C2,
GEM-E3_V2021,EN_INDCi2030_600f_COV_NDCp,,,,,,,,,,,,,,,,,,,,,,,,,,,,,,,,,,,C2,
GEM-E3_V2021,EN_INDCi2030_600f_NDCp,,,,,,,,,,,,,,,,,,,,,,,,,,,,,,,,,,,C2,
GEM-E3_V2021,EN_INDCi2030_800,,,,,,,,,,,,,,,,,,,,,,,,,,,,,,,,,,,C3,
GEM-E3_V2021,EN_INDCi2030_800f,,,,,,,,,,,,,,,,,,,,,,,,,,,,,,,,,,,C2,
GEM-E3_V2021,EN_INDCi2100,,,,,,,,,,,,,,,,,,,,,,,,,,,,,,,,,,,C7,
GEM-E3_V2021,EN_INDCi2100_COV,,,,,,,,,,,,,,,,,,,,,,,,,,,,,,,,,,,C6,
GEM-E3_V2021,EN_INDCi2100_COV_NDCp,,,,,,,,,,,,,,,,,,,,,,,,,,,,,,,,,,,C6,
GEM-E3_V2021,EN_INDCi2100_NDCp,,,,,,,,,,,,,,,,,,,,,,,,,,,,,,,,,,,C6,
GEM-E3_V2021,EN_NPi2020_1000,,,,,,,,,,,,,,,,,,,,,,,,,,,,,,,,,,,C3,
GEM-E3_V2021,EN_NPi2020_1000_COV,,,,,,,,,,,,,,,,,,,,,,,,,,,,,,,,,,,C3,
GEM-E3_V2021,EN_NPi2020_1000f,,,,,,,,,,,,,,,,,,,,,,,,,,,,,,,,,,,C4,
GEM-E3_V2021,EN_NPi2020_1000f_COV,,,,,,,,,,,,,,,,,,,,,,,,,,,,,,,,,,,C3,
GEM-E3_V2021,EN_NPi2020_1400,,,,,,,,,,,,,,,,,,,,,,,,,,,,,,,,,,,C5,
GEM-E3_V2021,EN_NPi2020_1400f,,,,,,,,,,,,,,,,,,,,,,,,,,,,,,,,,,,C4,
GEM-E3_V2021,EN_NPi2020_1800,,,,,,,,,,,,,,,,,,,,,,,,,,,,,,,,,,,C5,
GEM-E3_V2021,EN_NPi2020_1800f,,,,,,,,,,,,,,,,,,,,,,,,,,,,,,,,,,,C5,
GEM-E3_V2021,EN_NPi2020_400f,,,,,,,,,,,,,,,,,,,,,,,,,,,,,,,,,,,C2,
GEM-E3_V2021,EN_NPi2020_500,,,,,,,,,,,,,,,,,,,,,,,,,,,,,,,,,,,C1,
GEM-E3_V2021,EN_NPi2020_500f,,,,,,,,,,,,,,,,,,,,,,,,,,,,,,,,,,,C2,
GEM-E3_V2021,EN_NPi2020_600,,,,,,,,,,,,,,,,,,,,,,,,,,,,,,,,,,,C2,
GEM-E3_V2021,EN_NPi2020_600_COV,,,,,,,,,,,,,,,,,,,,,,,,,,,,,,,,,,,C1,
GEM-E3_V2021,EN_NPi2020_600f,,,,,,,,,,,,,,,,,,,,,,,,,,,,,,,,,,,C2,
GEM-E3_V2021,EN_NPi2020_600f_COV,,,,,,,,,,,,,,,,,,,,,,,,,,,,,,,,,,,C2,
GEM-E3_V2021,EN_NPi2020_800,,,,,,,,,,,,,,,,,,,,,,,,,,,,,,,,,,,C3,
GEM-E3_V2021,EN_NPi2020_800f,,,,,,,,,,,,,,,,,,,,,,,,,,,,,,,,,,,C3,
GEM-E3_V2021,EN_NPi2100,,,,,,,,,,,,,,,,,,,,,,,,,,,,,,,,,,,C7,
GEM-E3_V2021,EN_NPi2100_COV,,,,,,,,,,,,,,,,,,,,,,,,,,,,,,,,,,,C7,
IMAGE 3.0,CO_2Deg2020,,,,,,,,,,,,,,,,,,,,,,,,,,,,,,,,,,,C3,
IMAGE 3.0,CO_2Deg2030,,,,,,,,,,,,,,,,,,,,,,,,,,,,,,,,,,,C3,
IMAGE 3.0,CO_BAU,,,,,,,,,,,,,,,,,,,,,,,,,,,,,,,,,,,C7,
IMAGE 3.0,CO_Bridge,,,,,,,,,,,,,,,,,,,,,,,,,,,,,,,,,,,C3,
IMAGE 3.0,CO_CurPol,,,,,,,,,,,,,,,,,,,,,,,,,,,,,,,,,,,C7,
IMAGE 3.0,CO_GPP,,,,,,,,,,,,,,,,,,,,,,,,,,,,,,,,,,,C5,
IMAGE 3.0,CO_NDCplus,,,,,,,,,,,,,,,,,,,,,,,,,,,,,,,,,,,C7,
IMAGE 3.0,EN_INDCi2030_1000,,,,,,,,,,,,,,,,,,,,,,,,,,,,,,,,,,,C4,
IMAGE 3.0,EN_INDCi2030_1000f,,,,,,,,,,,,,,,,,,,,,,,,,,,,,,,,,,,C4,
IMAGE 3.0,EN_INDCi2030_1200,,,,,,,,,,,,,,,,,,,,,,,,,,,,,,,,,,,C4,
IMAGE 3.0,EN_INDCi2030_1200f,,,,,,,,,,,,,,,,,,,,,,,,,,,,,,,,,,,C4,
IMAGE 3.0,EN_INDCi2030_1400,,,,,,,,,,,,,,,,,,,,,,,,,,,,,,,,,,,C5,
IMAGE 3.0,EN_INDCi2030_1400f,,,,,,,,,,,,,,,,,,,,,,,,,,,,,,,,,,,C4,
IMAGE 3.0,EN_INDCi2030_3000,,,,,,,,,,,,,,,,,,,,,,,,,,,,,,,,,,,C6,
IMAGE 3.0,EN_INDCi2030_3000f,,,,,,,,,,,,,,,,,,,,,,,,,,,,,,,,,,,C6,ModAct
IMAGE 3.0,EN_INDCi2030_800f,,,,,,,,,,,,,,,,,,,,,,,,,,,,,,,,,,,C3,
IMAGE 3.0,EN_INDCi2100,,,,,,,,,,,,,,,,,,,,,,,,,,,,,,,,,,,C7,
IMAGE 3.0,EN_NPi2020_1000,,,,,,,,,,,,,,,,,,,,,,,,,,,,,,,,,,,C3,
IMAGE 3.0,EN_NPi2020_1000f,,,,,,,,,,,,,,,,,,,,,,,,,,,,,,,,,,,C3,
IMAGE 3.0,EN_NPi2020_1200,,,,,,,,,,,,,,,,,,,,,,,,,,,,,,,,,,,C4,
IMAGE 3.0,EN_NPi2020_1200f,,,,,,,,,,,,,,,,,,,,,,,,,,,,,,,,,,,C4,
IMAGE 3.0,EN_NPi2020_1400,,,,,,,,,,,,,,,,,,,,,,,,,,,,,,,,,,,C4,
IMAGE 3.0,EN_NPi2020_1400f,,,,,,,,,,,,,,,,,,,,,,,,,,,,,,,,,,,C4,
IMAGE 3.0,EN_NPi2020_3000,,,,,,,,,,,,,,,,,,,,,,,,,,,,,,,,,,,C6,
IMAGE 3.0,EN_NPi2020_3000f,,,,,,,,,,,,,,,,,,,,,,,,,,,,,,,,,,,C6,
IMAGE 3.0,EN_NPi2020_600f,,,,,,,,,,,,,,,,,,,,,,,,,,,,,,,,,,,C3,
IMAGE 3.0,EN_NPi2020_800,,,,,,,,,,,,,,,,,,,,,,,,,,,,,,,,,,,C3,
IMAGE 3.0,EN_NPi2020_800f,,,,,,,,,,,,,,,,,,,,,,,,,,,,,,,,,,,C3,
IMAGE 3.0,EN_NPi2100,,,,,,,,,,,,,,,,,,,,,,,,,,,,,,,,,,,C7,
IMAGE 3.0,EN_NoPolicy,,,,,,,,,,,,,,,,,,,,,,,,,,,,,,,,,,,C7,
IMAGE 3.0.1,ADVANCE_2020_1.5C-2100,,,,,,,,,,,,,,,,,,,,,,,,,,,,,,,,,,,C2,
IMAGE 3.0.1,ADVANCE_2020_Med2C,,,,,,,,,,,,,,,,,,,,,,,,,,,,,,,,,,,C4,
IMAGE 3.0.1,ADVANCE_2020_WB2C,,,,,,,,,,,,,,,,,,,,,,,,,,,,,,,,,,,C3,
IMAGE 3.0.1,ADVANCE_2030_Med2C,,,,,,,,,,,,,,,,,,,,,,,,,,,,,,,,,,,C4,
IMAGE 3.0.1,ADVANCE_2030_WB2C,,,,,,,,,,,,,,,,,,,,,,,,,,,,,,,,,,,C3,
IMAGE 3.0.1,ADVANCE_INDC,,,,,,,,,,,,,,,,,,,,,,,,,,,,,,,,,,,C6,
IMAGE 3.0.1,ADVANCE_NoPolicy,,,,,,,,,,,,,,,,,,,,,,,,,,,,,,,,,,,C7,
IMAGE 3.0.1,ADVANCE_Reference,,,,,,,,,,,,,,,,,,,,,,,,,,,,,,,,,,,C7,
IMAGE 3.0.1,CD-LINKS_INDC2030i_1600,,,,,,,,,,,,,,,,,,,,,,,,,,,,,,,,,,,C4,
IMAGE 3.0.1,CD-LINKS_INDCi,,,,,,,,,,,,,,,,,,,,,,,,,,,,,,,,,,,C7,
IMAGE 3.0.1,CD-LINKS_NDC2030i_1000,,,,,,,,,,,,,,,,,,,,,,,,,,,,,,,,,,,C3,
IMAGE 3.0.1,CD-LINKS_NPi,,,,,,,,,,,,,,,,,,,,,,,,,,,,,,,,,,,C7,
IMAGE 3.0.1,CD-LINKS_NPi2020_1000,,,,,,,,,,,,,,,,,,,,,,,,,,,,,,,,,,,C3,
IMAGE 3.0.1,CD-LINKS_NPi2020_1600,,,,,,,,,,,,,,,,,,,,,,,,,,,,,,,,,,,C4,
IMAGE 3.0.1,CD-LINKS_NPi2020_400,,,,,,,,,,,,,,,,,,,,,,,,,,,,,,,,,,,C2,
IMAGE 3.0.1,CD-LINKS_NoPolicy,,,,,,,,,,,,,,,,,,,,,,,,,,,,,,,,,,,C7,
IMAGE 3.0.1,EMF30_BCOC-EndU,,,,,,,,,,,,,,,,,,,,,,,,,,,,,,,,,,,C7,
IMAGE 3.0.1,EMF30_Baseline,,,,,,,,,,,,,,,,,,,,,,,,,,,,,,,,,,,C7,
IMAGE 3.0.1,EMF30_CH4-Only,,,,,,,,,,,,,,,,,,,,,,,,,,,,,,,,,,,C7,
IMAGE 3.0.1,EMF30_ClimPolicy,,,,,,,,,,,,,,,,,,,,,,,,,,,,,,,,,,,C3,
IMAGE 3.0.1,EMF30_ClimPolicy+SLCF,,,,,,,,,,,,,,,,,,,,,,,,,,,,,,,,,,,C3,
IMAGE 3.0.1,EMF30_D_BCOC-Red,,,,,,,,,,,,,,,,,,,,,,,,,,,,,,,,,,,C7,
IMAGE 3.0.1,EMF30_D_CH4-ClimPolicy,,,,,,,,,,,,,,,,,,,,,,,,,,,,,,,,,,,C7,
IMAGE 3.0.1,EMF30_D_CO2-Only,,,,,,,,,,,,,,,,,,,,,,,,,,,,,,,,,,,C5,
IMAGE 3.0.1,EMF30_D_Frozen-CH4,,,,,,,,,,,,,,,,,,,,,,,,,,,,,,,,,,,C7,
IMAGE 3.0.1,EMF30_D_Frozen-EF,,,,,,,,,,,,,,,,,,,,,,,,,,,,,,,,,,,C7,
IMAGE 3.0.1,EMF30_D_Frozen-EF-EndU,,,,,,,,,,,,,,,,,,,,,,,,,,,,,,,,,,,C7,
IMAGE 3.0.1,EMF30_D_Frozen-EF-SLCF,,,,,,,,,,,,,,,,,,,,,,,,,,,,,,,,,,,C7,
IMAGE 3.0.1,EMF30_SLCF,,,,,,,,,,,,,,,,,,,,,,,,,,,,,,,,,,,C7,
IMAGE 3.0.1,EMF30_Slower-Action,,,,,,,,,,,,,,,,,,,,,,,,,,,,,,,,,,,C6,
IMAGE 3.0.1,EMF30_Slower-Action+SLCF,,,,,,,,,,,,,,,,,,,,,,,,,,,,,,,,,,,C6,
IMAGE 3.0.1,EMF30_Slower-to-faster,,,,,,,,,,,,,,,,,,,,,,,,,,,,,,,,,,,C4,
IMAGE 3.0.1,EMF30_Slower-to-faster+SLCF,,,,,,,,,,,,,,,,,,,,,,,,,,,,,,,,,,,C3,
IMAGE 3.0.1,EMF30_Slower-to-faster+SLCF+HFC,,,,,,,,,,,,,,,,,,,,,,,,,,,,,,,,,,,C3,
IMAGE 3.0.1,SSP1-26,,,,,,,,,,,,,,,,,,,,,,,,,,,,,,,,,,,C3,
IMAGE 3.0.1,SSP1-34,,,,,,,,,,,,,,,,,,,,,,,,,,,,,,,,,,,C5,
IMAGE 3.0.1,SSP1-45,,,,,,,,,,,,,,,,,,,,,,,,,,,,,,,,,,,C6,
IMAGE 3.0.1,SSP1-Baseline,,,,,,,,,,,,,,,,,,,,,,,,,,,,,,,,,,,C7,
IMAGE 3.0.1,SSP2-26,,,,,,,,,,,,,,,,,,,,,,,,,,,,,,,,,,,C3,
IMAGE 3.0.1,SSP2-34,,,,,,,,,,,,,,,,,,,,,,,,,,,,,,,,,,,C5,
IMAGE 3.0.1,SSP2-45,,,,,,,,,,,,,,,,,,,,,,,,,,,,,,,,,,,C6,
IMAGE 3.0.1,SSP2-60,,,,,,,,,,,,,,,,,,,,,,,,,,,,,,,,,,,C7,
IMAGE 3.0.1,SSP2-Baseline,,,,,,,,,,,,,,,,,,,,,,,,,,,,,,,,,,,C7,
IMAGE 3.0.1,SSP3-34,,,,,,,,,,,,,,,,,,,,,,,,,,,,,,,,,,,C5,
IMAGE 3.0.1,SSP3-45,,,,,,,,,,,,,,,,,,,,,,,,,,,,,,,,,,,C6,
IMAGE 3.0.1,SSP3-60,,,,,,,,,,,,,,,,,,,,,,,,,,,,,,,,,,,C7,
IMAGE 3.0.1,SSP3-Baseline,,,,,,,,,,,,,,,,,,,,,,,,,,,,,,,,,,,C7,
IMAGE 3.0.1,SSP4-26,,,,,,,,,,,,,,,,,,,,,,,,,,,,,,,,,,,C3,
IMAGE 3.0.1,SSP4-34,,,,,,,,,,,,,,,,,,,,,,,,,,,,,,,,,,,C5,
IMAGE 3.0.1,SSP4-45,,,,,,,,,,,,,,,,,,,,,,,,,,,,,,,,,,,C6,
IMAGE 3.0.1,SSP4-60,,,,,,,,,,,,,,,,,,,,,,,,,,,,,,,,,,,C7,
IMAGE 3.0.1,SSP4-Baseline,,,,,,,,,,,,,,,,,,,,,,,,,,,,,,,,,,,C7,
IMAGE 3.0.1,SSP5-34,,,,,,,,,,,,,,,,,,,,,,,,,,,,,,,,,,,C5,
IMAGE 3.0.1,SSP5-45,,,,,,,,,,,,,,,,,,,,,,,,,,,,,,,,,,,C6,
IMAGE 3.0.1,SSP5-60,,,,,,,,,,,,,,,,,,,,,,,,,,,,,,,,,,,C7,
IMAGE 3.0.1,SSP5-Baseline,,,,,,,,,,,,,,,,,,,,,,,,,,,,,,,,,,,C8,
IMAGE 3.0.2,EMF33_Baseline,,,,,,,,,,,,,,,,,,,,,,,,,,,,,,,,,,,C7,
IMAGE 3.0.2,EMF33_Med2C_cost100,,,,,,,,,,,,,,,,,,,,,,,,,,,,,,,,,,,C5,
IMAGE 3.0.2,EMF33_Med2C_full,,,,,,,,,,,,,,,,,,,,,,,,,,,,,,,,,,,C5,
IMAGE 3.0.2,EMF33_Med2C_limbio,,,,,,,,,,,,,,,,,,,,,,,,,,,,,,,,,,,C5,
IMAGE 3.0.2,EMF33_Med2C_nobeccs,,,,,,,,,,,,,,,,,,,,,,,,,,,,,,,,,,,C4,
IMAGE 3.0.2,EMF33_Med2C_nofuel,,,,,,,,,,,,,,,,,,,,,,,,,,,,,,,,,,,C4,
IMAGE 3.0.2,EMF33_Med2C_none,,,,,,,,,,,,,,,,,,,,,,,,,,,,,,,,,,,C4,
IMAGE 3.0.2,EMF33_WB2C_cost100,,,,,,,,,,,,,,,,,,,,,,,,,,,,,,,,,,,C3,
IMAGE 3.0.2,EMF33_WB2C_full,,,,,,,,,,,,,,,,,,,,,,,,,,,,,,,,,,,C3,
IMAGE 3.0.2,EMF33_WB2C_limbio,,,,,,,,,,,,,,,,,,,,,,,,,,,,,,,,,,,C3,
IMAGE 3.0.2,EMF33_WB2C_nobeccs,,,,,,,,,,,,,,,,,,,,,,,,,,,,,,,,,,,C3,
IMAGE 3.0.2,EMF33_WB2C_nofuel,,,,,,,,,,,,,,,,,,,,,,,,,,,,,,,,,,,C3,
IMAGE 3.0.2,EMF33_tax_hi_full,,,,,,,,,,,,,,,,,,,,,,,,,,,,,,,,,,,C4,
IMAGE 3.0.2,EMF33_tax_hi_none,,,,,,,,,,,,,,,,,,,,,,,,,,,,,,,,,,,C5,
IMAGE 3.0.2,EMF33_tax_lo_full,,,,,,,,,,,,,,,,,,,,,,,,,,,,,,,,,,,C5,
IMAGE 3.0.2,EMF33_tax_lo_none,,,,,,,,,,,,,,,,,,,,,,,,,,,,,,,,,,,C5,
IMAGE 3.2,SSP1-baseline,,,,,,,,,,,,,,,,,,,,,,,,,,,,,,,,,,,C7,
IMAGE 3.2,SSP1_SPA1_19I_D,,,,,,,,,,,,,,,,,,,,,,,,,,,,,,,,,,,C2,
IMAGE 3.2,SSP1_SPA1_19I_LI,,,,,,,,,,,,,,,,,,,,,,,,,,,,,,,,,,,C2,
IMAGE 3.2,SSP1_SPA1_19I_LIRE,,,,,,,,,,,,,,,,,,,,,,,,,,,,,,,,,,,C2,
IMAGE 3.2,SSP1_SPA1_19I_RE,,,,,,,,,,,,,,,,,,,,,,,,,,,,,,,,,,,C2,
IMAGE 3.2,SSP1_SPA1_26I_D,,,,,,,,,,,,,,,,,,,,,,,,,,,,,,,,,,,C3,
IMAGE 3.2,SSP1_SPA1_26I_LI,,,,,,,,,,,,,,,,,,,,,,,,,,,,,,,,,,,C3,
IMAGE 3.2,SSP1_SPA1_26I_LIRE,,,,,,,,,,,,,,,,,,,,,,,,,,,,,,,,,,,C3,
IMAGE 3.2,SSP1_SPA1_26I_RE,,,,,,,,,,,,,,,,,,,,,,,,,,,,,,,,,,,C3,
IMAGE 3.2,SSP1_SPA1_34I_D,,,,,,,,,,,,,,,,,,,,,,,,,,,,,,,,,,,C5,
IMAGE 3.2,SSP1_SPA1_34I_LI,,,,,,,,,,,,,,,,,,,,,,,,,,,,,,,,,,,C5,
IMAGE 3.2,SSP1_SPA1_34I_LIRE,,,,,,,,,,,,,,,,,,,,,,,,,,,,,,,,,,,C5,
IMAGE 3.2,SSP1_SPA1_34I_RE,,,,,,,,,,,,,,,,,,,,,,,,,,,,,,,,,,,C5,
IMAGE 3.2,SSP2-baseline,,,,,,,,,,,,,,,,,,,,,,,,,,,,,,,,,,,C7,
IMAGE 3.2,SSP2_SPA0_26I_D,,,,,,,,,,,,,,,,,,,,,,,,,,,,,,,,,,,C3,
IMAGE 3.2,SSP2_SPA2_19I_D,,,,,,,,,,,,,,,,,,,,,,,,,,,,,,,,,,,C2,
IMAGE 3.2,SSP2_SPA2_19I_LIRE,,,,,,,,,,,,,,,,,,,,,,,,,,,,,,,,,,,C2,
IMAGE 3.2,SSP2_SPA2_19I_RE,,,,,,,,,,,,,,,,,,,,,,,,,,,,,,,,,,,C2,
IMAGE 3.2,SSP2_SPA2_26I_D,,,,,,,,,,,,,,,,,,,,,,,,,,,,,,,,,,,C3,
IMAGE 3.2,SSP2_SPA2_26I_LI,,,,,,,,,,,,,,,,,,,,,,,,,,,,,,,,,,,C3,
IMAGE 3.2,SSP2_SPA2_26I_LIRE,,,,,,,,,,,,,,,,,,,,,,,,,,,,,,,,,,,C3,
IMAGE 3.2,SSP2_SPA2_26I_RE,,,,,,,,,,,,,,,,,,,,,,,,,,,,,,,,,,,C3,
IMAGE 3.2,SSP2_SPA2_34I_D,,,,,,,,,,,,,,,,,,,,,,,,,,,,,,,,,,,C5,
IMAGE 3.2,SSP2_SPA2_34I_LI,,,,,,,,,,,,,,,,,,,,,,,,,,,,,,,,,,,C5,
IMAGE 3.2,SSP2_SPA2_34I_LIRE,,,,,,,,,,,,,,,,,,,,,,,,,,,,,,,,,,,C5,
IMAGE 3.2,SSP2_SPA2_34I_RE,,,,,,,,,,,,,,,,,,,,,,,,,,,,,,,,,,,C5,
IMAGE 3.2,SSP2_SPA2_45I_D,,,,,,,,,,,,,,,,,,,,,,,,,,,,,,,,,,,C6,
IMAGE 3.2,SSP2_SPA2_45I_LI,,,,,,,,,,,,,,,,,,,,,,,,,,,,,,,,,,,C6,
IMAGE 3.2,SSP2_SPA2_45I_LIRE,,,,,,,,,,,,,,,,,,,,,,,,,,,,,,,,,,,C6,
IMAGE 3.2,SSP2_SPA2_45I_RE,,,,,,,,,,,,,,,,,,,,,,,,,,,,,,,,,,,C6,
IMAGE 3.2,SSP3-baseline,,,,,,,,,,,,,,,,,,,,,,,,,,,,,,,,,,,C7,
IMAGE 3.2,SSP4-baseline,,,,,,,,,,,,,,,,,,,,,,,,,,,,,,,,,,,C7,
IMAGE 3.2,SSP5-baseline,,,,,,,,,,,,,,,,,,,,,,,,,,,,,,,,,,,C8,
MERGE-ETL 6.0,DAC2_66,,,,,,,,,,,,,,,,,,,,,,,,,,,,,,,,,,,C4,
MESSAGE-GLOBIOM 1.0,ADVANCE_2020_1.5C-2100,,,,,,,,,,,,,,,,,,,,,,,,,,,,,,,,,,,C1,
MESSAGE-GLOBIOM 1.0,ADVANCE_2020_Med2C,,,,,,,,,,,,,,,,,,,,,,,,,,,,,,,,,,,C4,
MESSAGE-GLOBIOM 1.0,ADVANCE_2020_WB2C,,,,,,,,,,,,,,,,,,,,,,,,,,,,,,,,,,,C3,
MESSAGE-GLOBIOM 1.0,ADVANCE_2030_Med2C,,,,,,,,,,,,,,,,,,,,,,,,,,,,,,,,,,,C4,
MESSAGE-GLOBIOM 1.0,ADVANCE_2030_Price1.5C,,,,,,,,,,,,,,,,,,,,,,,,,,,,,,,,,,,C2,
MESSAGE-GLOBIOM 1.0,ADVANCE_2030_WB2C,,,,,,,,,,,,,,,,,,,,,,,,,,,,,,,,,,,C3,
MESSAGE-GLOBIOM 1.0,ADVANCE_INDC,,,,,,,,,,,,,,,,,,,,,,,,,,,,,,,,,,,C5,
MESSAGE-GLOBIOM 1.0,ADVANCE_Reference,,,,,,,,,,,,,,,,,,,,,,,,,,,,,,,,,,,C6,
MESSAGE-GLOBIOM 1.0,EMF30_BCOC-EndU,,,,,,,,,,,,,,,,,,,,,,,,,,,,,,,,,,,C7,
MESSAGE-GLOBIOM 1.0,EMF30_Baseline,,,,,,,,,,,,,,,,,,,,,,,,,,,,,,,,,,,C7,
MESSAGE-GLOBIOM 1.0,EMF30_D_BCOC-Red,,,,,,,,,,,,,,,,,,,,,,,,,,,,,,,,,,,C7,
MESSAGE-GLOBIOM 1.0,EMF30_D_CH4-ClimPolicy,,,,,,,,,,,,,,,,,,,,,,,,,,,,,,,,,,,C7,
MESSAGE-GLOBIOM 1.0,EMF30_D_Frozen-CH4,,,,,,,,,,,,,,,,,,,,,,,,,,,,,,,,,,,C7,
MESSAGE-GLOBIOM 1.0,EMF30_D_Frozen-EF,,,,,,,,,,,,,,,,,,,,,,,,,,,,,,,,,,,C7,
MESSAGE-GLOBIOM 1.0,EMF30_D_Frozen-EF-EndU,,,,,,,,,,,,,,,,,,,,,,,,,,,,,,,,,,,C7,
MESSAGE-GLOBIOM 1.0,EMF30_D_Frozen-EF-SLCF,,,,,,,,,,,,,,,,,,,,,,,,,,,,,,,,,,,C7,
MESSAGE-GLOBIOM 1.0,EMF30_Slower-Action,,,,,,,,,,,,,,,,,,,,,,,,,,,,,,,,,,,C5,
MESSAGE-GLOBIOM 1.0,EMF30_Slower-to-faster,,,,,,,,,,,,,,,,,,,,,,,,,,,,,,,,,,,C2,
MESSAGE-GLOBIOM 1.0,EMF33_1.5C_cost100,,,,,,,,,,,,,,,,,,,,,,,,,,,,,,,,,,,C1,
MESSAGE-GLOBIOM 1.0,EMF33_1.5C_full,,,,,,,,,,,,,,,,,,,,,,,,,,,,,,,,,,,C1,
MESSAGE-GLOBIOM 1.0,EMF33_Baseline,,,,,,,,,,,,,,,,,,,,,,,,,,,,,,,,,,,C7,
MESSAGE-GLOBIOM 1.0,EMF33_Med2C_cost100,,,,,,,,,,,,,,,,,,,,,,,,,,,,,,,,,,,C4,
MESSAGE-GLOBIOM 1.0,EMF33_Med2C_full,,,,,,,,,,,,,,,,,,,,,,,,,,,,,,,,,,,C4,
MESSAGE-GLOBIOM 1.0,EMF33_Med2C_limbio,,,,,,,,,,,,,,,,,,,,,,,,,,,,,,,,,,,C4,
MESSAGE-GLOBIOM 1.0,EMF33_Med2C_nobeccs,,,,,,,,,,,,,,,,,,,,,,,,,,,,,,,,,,,C3,
MESSAGE-GLOBIOM 1.0,EMF33_Med2C_nofuel,,,,,,,,,,,,,,,,,,,,,,,,,,,,,,,,,,,C4,
MESSAGE-GLOBIOM 1.0,EMF33_Med2C_none,,,,,,,,,,,,,,,,,,,,,,,,,,,,,,,,,,,C3,
MESSAGE-GLOBIOM 1.0,EMF33_WB2C_cost100,,,,,,,,,,,,,,,,,,,,,,,,,,,,,,,,,,,C2,
MESSAGE-GLOBIOM 1.0,EMF33_WB2C_full,,,,,,,,,,,,,,,,,,,,,,,,,,,,,,,,,,,C2,
MESSAGE-GLOBIOM 1.0,EMF33_WB2C_limbio,,,,,,,,,,,,,,,,,,,,,,,,,,,,,,,,,,,C2,
MESSAGE-GLOBIOM 1.0,EMF33_WB2C_nofuel,,,,,,,,,,,,,,,,,,,,,,,,,,,,,,,,,,,C2,
MESSAGE-GLOBIOM 1.0,EMF33_tax_hi_full,,,,,,,,,,,,,,,,,,,,,,,,,,,,,,,,,,,C3,
MESSAGE-GLOBIOM 1.0,EMF33_tax_hi_none,,,,,,,,,,,,,,,,,,,,,,,,,,,,,,,,,,,C4,
MESSAGE-GLOBIOM 1.0,EMF33_tax_lo_full,,,,,,,,,,,,,,,,,,,,,,,,,,,,,,,,,,,C5,
MESSAGE-GLOBIOM 1.0,EMF33_tax_lo_none,,,,,,,,,,,,,,,,,,,,,,,,,,,,,,,,,,,C5,
MESSAGE-GLOBIOM 1.0,SSP1-26,,,,,,,,,,,,,,,,,,,,,,,,,,,,,,,,,,,C4,
MESSAGE-GLOBIOM 1.0,SSP1-34,,,,,,,,,,,,,,,,,,,,,,,,,,,,,,,,,,,C5,
MESSAGE-GLOBIOM 1.0,SSP1-45,,,,,,,,,,,,,,,,,,,,,,,,,,,,,,,,,,,C6,
MESSAGE-GLOBIOM 1.0,SSP1-Baseline,,,,,,,,,,,,,,,,,,,,,,,,,,,,,,,,,,,C7,
MESSAGE-GLOBIOM 1.0,SSP2-26,,,,,,,,,,,,,,,,,,,,,,,,,,,,,,,,,,,C3,
MESSAGE-GLOBIOM 1.0,SSP2-34,,,,,,,,,,,,,,,,,,,,,,,,,,,,,,,,,,,C5,
MESSAGE-GLOBIOM 1.0,SSP2-45,,,,,,,,,,,,,,,,,,,,,,,,,,,,,,,,,,,C6,
MESSAGE-GLOBIOM 1.0,SSP2-60,,,,,,,,,,,,,,,,,,,,,,,,,,,,,,,,,,,C7,
MESSAGE-GLOBIOM 1.0,SSP2-Baseline,,,,,,,,,,,,,,,,,,,,,,,,,,,,,,,,,,,C7,
MESSAGE-GLOBIOM 1.0,SSP3-34,,,,,,,,,,,,,,,,,,,,,,,,,,,,,,,,,,,C4,
MESSAGE-GLOBIOM 1.0,SSP3-45,,,,,,,,,,,,,,,,,,,,,,,,,,,,,,,,,,,C5,
MESSAGE-GLOBIOM 1.0,SSP3-60,,,,,,,,,,,,,,,,,,,,,,,,,,,,,,,,,,,C6,
MESSAGEix-GLOBIOM 1.0,CD-LINKS_INDC2030i_1600,,,,,,,,,,,,,,,,,,,,,,,,,,,,,,,,,,,C4,
MESSAGEix-GLOBIOM 1.0,CD-LINKS_INDCi,,,,,,,,,,,,,,,,,,,,,,,,,,,,,,,,,,,C7,
MESSAGEix-GLOBIOM 1.0,CD-LINKS_NDC2030i_1000,,,,,,,,,,,,,,,,,,,,,,,,,,,,,,,,,,,C2,
MESSAGEix-GLOBIOM 1.0,CD-LINKS_NPi,,,,,,,,,,,,,,,,,,,,,,,,,,,,,,,,,,,C7,
MESSAGEix-GLOBIOM 1.0,CD-LINKS_NPi2020_1000,,,,,,,,,,,,,,,,,,,,,,,,,,,,,,,,,,,C2,
MESSAGEix-GLOBIOM 1.0,CD-LINKS_NPi2020_1600,,,,,,,,,,,,,,,,,,,,,,,,,,,,,,,,,,,C4,
MESSAGEix-GLOBIOM 1.0,CD-LINKS_NPi2020_400,,,,,,,,,,,,,,,,,,,,,,,,,,,,,,,,,,,C1,
MESSAGEix-GLOBIOM 1.0,CD-LINKS_NoPolicy,,,,,,,,,,,,,,,,,,,,,,,,,,,,,,,,,,,C7,
COFFEE 1.1,EN_NPi2020_400f_lowBECCS,,,,,,,,,,,,,,,,,,,,,,,,,,,,,,,,,,,C3,Neg
MESSAGEix-GLOBIOM_1.1,EN_INDCi2030_1000,,,,,,,,,,,,,,,,,,,,,,,,,,,,,,,,,,,C3,
MESSAGEix-GLOBIOM_1.1,EN_INDCi2030_1000_COV,,,,,,,,,,,,,,,,,,,,,,,,,,,,,,,,,,,C3,
MESSAGEix-GLOBIOM_1.1,EN_INDCi2030_1000_COV_NDCp,,,,,,,,,,,,,,,,,,,,,,,,,,,,,,,,,,,C3,
MESSAGEix-GLOBIOM_1.1,EN_INDCi2030_1000_NDCp,,,,,,,,,,,,,,,,,,,,,,,,,,,,,,,,,,,C3,
MESSAGEix-GLOBIOM_1.1,EN_INDCi2030_1000f,,,,,,,,,,,,,,,,,,,,,,,,,,,,,,,,,,,C4,
MESSAGEix-GLOBIOM_1.1,EN_INDCi2030_1000f_COV,,,,,,,,,,,,,,,,,,,,,,,,,,,,,,,,,,,C3,
MESSAGEix-GLOBIOM_1.1,EN_INDCi2030_1000f_COV_NDCp,,,,,,,,,,,,,,,,,,,,,,,,,,,,,,,,,,,C3,
MESSAGEix-GLOBIOM_1.1,EN_INDCi2030_1000f_NDCp,,,,,,,,,,,,,,,,,,,,,,,,,,,,,,,,,,,C4,
MESSAGEix-GLOBIOM_1.1,EN_INDCi2030_1200,,,,,,,,,,,,,,,,,,,,,,,,,,,,,,,,,,,C4,
MESSAGEix-GLOBIOM_1.1,EN_INDCi2030_1200_COV,,,,,,,,,,,,,,,,,,,,,,,,,,,,,,,,,,,C3,
MESSAGEix-GLOBIOM_1.1,EN_INDCi2030_1200_COV_NDCp,,,,,,,,,,,,,,,,,,,,,,,,,,,,,,,,,,,C3,
MESSAGEix-GLOBIOM_1.1,EN_INDCi2030_1200_NDCp,,,,,,,,,,,,,,,,,,,,,,,,,,,,,,,,,,,C4,
MESSAGEix-GLOBIOM_1.1,EN_INDCi2030_1200f,,,,,,,,,,,,,,,,,,,,,,,,,,,,,,,,,,,C4,
MESSAGEix-GLOBIOM_1.1,EN_INDCi2030_1200f_COV,,,,,,,,,,,,,,,,,,,,,,,,,,,,,,,,,,,C4,
MESSAGEix-GLOBIOM_1.1,EN_INDCi2030_1200f_COV_NDCp,,,,,,,,,,,,,,,,,,,,,,,,,,,,,,,,,,,C4,
MESSAGEix-GLOBIOM_1.1,EN_INDCi2030_1200f_NDCp,,,,,,,,,,,,,,,,,,,,,,,,,,,,,,,,,,,C4,
MESSAGEix-GLOBIOM_1.1,EN_INDCi2030_1400,,,,,,,,,,,,,,,,,,,,,,,,,,,,,,,,,,,C4,
MESSAGEix-GLOBIOM_1.1,EN_INDCi2030_1400_COV,,,,,,,,,,,,,,,,,,,,,,,,,,,,,,,,,,,C4,
MESSAGEix-GLOBIOM_1.1,EN_INDCi2030_1400_COV_NDCp,,,,,,,,,,,,,,,,,,,,,,,,,,,,,,,,,,,C4,
MESSAGEix-GLOBIOM_1.1,EN_INDCi2030_1400_NDCp,,,,,,,,,,,,,,,,,,,,,,,,,,,,,,,,,,,C4,
MESSAGEix-GLOBIOM_1.1,EN_INDCi2030_1400f,,,,,,,,,,,,,,,,,,,,,,,,,,,,,,,,,,,C4,
MESSAGEix-GLOBIOM_1.1,EN_INDCi2030_1400f_COV,,,,,,,,,,,,,,,,,,,,,,,,,,,,,,,,,,,C4,
MESSAGEix-GLOBIOM_1.1,EN_INDCi2030_1400f_COV_NDCp,,,,,,,,,,,,,,,,,,,,,,,,,,,,,,,,,,,C4,
MESSAGEix-GLOBIOM_1.1,EN_INDCi2030_1400f_NDCp,,,,,,,,,,,,,,,,,,,,,,,,,,,,,,,,,,,C4,
MESSAGEix-GLOBIOM_1.1,EN_INDCi2030_1600,,,,,,,,,,,,,,,,,,,,,,,,,,,,,,,,,,,C5,
MESSAGEix-GLOBIOM_1.1,EN_INDCi2030_1600_COV,,,,,,,,,,,,,,,,,,,,,,,,,,,,,,,,,,,C4,
MESSAGEix-GLOBIOM_1.1,EN_INDCi2030_1600_COV_NDCp,,,,,,,,,,,,,,,,,,,,,,,,,,,,,,,,,,,C4,
MESSAGEix-GLOBIOM_1.1,EN_INDCi2030_1600_NDCp,,,,,,,,,,,,,,,,,,,,,,,,,,,,,,,,,,,C5,
MESSAGEix-GLOBIOM_1.1,EN_INDCi2030_1600f,,,,,,,,,,,,,,,,,,,,,,,,,,,,,,,,,,,C5,
MESSAGEix-GLOBIOM_1.1,EN_INDCi2030_1600f_COV,,,,,,,,,,,,,,,,,,,,,,,,,,,,,,,,,,,C5,
MESSAGEix-GLOBIOM_1.1,EN_INDCi2030_1600f_COV_NDCp,,,,,,,,,,,,,,,,,,,,,,,,,,,,,,,,,,,C5,
MESSAGEix-GLOBIOM_1.1,EN_INDCi2030_1600f_NDCp,,,,,,,,,,,,,,,,,,,,,,,,,,,,,,,,,,,C5,
MESSAGEix-GLOBIOM_1.1,EN_INDCi2030_1800,,,,,,,,,,,,,,,,,,,,,,,,,,,,,,,,,,,C5,
MESSAGEix-GLOBIOM_1.1,EN_INDCi2030_1800_COV,,,,,,,,,,,,,,,,,,,,,,,,,,,,,,,,,,,C5,
MESSAGEix-GLOBIOM_1.1,EN_INDCi2030_1800_COV_NDCp,,,,,,,,,,,,,,,,,,,,,,,,,,,,,,,,,,,C5,
MESSAGEix-GLOBIOM_1.1,EN_INDCi2030_1800_NDCp,,,,,,,,,,,,,,,,,,,,,,,,,,,,,,,,,,,C5,
MESSAGEix-GLOBIOM_1.1,EN_INDCi2030_1800f,,,,,,,,,,,,,,,,,,,,,,,,,,,,,,,,,,,C5,
MESSAGEix-GLOBIOM_1.1,EN_INDCi2030_1800f_COV,,,,,,,,,,,,,,,,,,,,,,,,,,,,,,,,,,,C5,
MESSAGEix-GLOBIOM_1.1,EN_INDCi2030_1800f_COV_NDCp,,,,,,,,,,,,,,,,,,,,,,,,,,,,,,,,,,,C5,
MESSAGEix-GLOBIOM_1.1,EN_INDCi2030_1800f_NDCp,,,,,,,,,,,,,,,,,,,,,,,,,,,,,,,,,,,C5,
MESSAGEix-GLOBIOM_1.1,EN_INDCi2030_2000,,,,,,,,,,,,,,,,,,,,,,,,,,,,,,,,,,,C5,
MESSAGEix-GLOBIOM_1.1,EN_INDCi2030_2000_COV,,,,,,,,,,,,,,,,,,,,,,,,,,,,,,,,,,,C5,
MESSAGEix-GLOBIOM_1.1,EN_INDCi2030_2000_COV_NDCp,,,,,,,,,,,,,,,,,,,,,,,,,,,,,,,,,,,C5,
MESSAGEix-GLOBIOM_1.1,EN_INDCi2030_2000_NDCp,,,,,,,,,,,,,,,,,,,,,,,,,,,,,,,,,,,C5,
MESSAGEix-GLOBIOM_1.1,EN_INDCi2030_2000f,,,,,,,,,,,,,,,,,,,,,,,,,,,,,,,,,,,C5,
MESSAGEix-GLOBIOM_1.1,EN_INDCi2030_2000f_COV,,,,,,,,,,,,,,,,,,,,,,,,,,,,,,,,,,,C5,
MESSAGEix-GLOBIOM_1.1,EN_INDCi2030_2000f_COV_NDCp,,,,,,,,,,,,,,,,,,,,,,,,,,,,,,,,,,,C5,
MESSAGEix-GLOBIOM_1.1,EN_INDCi2030_2000f_NDCp,,,,,,,,,,,,,,,,,,,,,,,,,,,,,,,,,,,C5,
MESSAGEix-GLOBIOM_1.1,EN_INDCi2030_2500,,,,,,,,,,,,,,,,,,,,,,,,,,,,,,,,,,,C5,
MESSAGEix-GLOBIOM_1.1,EN_INDCi2030_2500_COV,,,,,,,,,,,,,,,,,,,,,,,,,,,,,,,,,,,C5,
MESSAGEix-GLOBIOM_1.1,EN_INDCi2030_2500_COV_NDCp,,,,,,,,,,,,,,,,,,,,,,,,,,,,,,,,,,,C5,
MESSAGEix-GLOBIOM_1.1,EN_INDCi2030_2500_NDCp,,,,,,,,,,,,,,,,,,,,,,,,,,,,,,,,,,,C5,
MESSAGEix-GLOBIOM_1.1,EN_INDCi2030_2500f,,,,,,,,,,,,,,,,,,,,,,,,,,,,,,,,,,,C5,
MESSAGEix-GLOBIOM_1.1,EN_INDCi2030_2500f_COV,,,,,,,,,,,,,,,,,,,,,,,,,,,,,,,,,,,C5,
MESSAGEix-GLOBIOM_1.1,EN_INDCi2030_2500f_COV_NDCp,,,,,,,,,,,,,,,,,,,,,,,,,,,,,,,,,,,C5,
MESSAGEix-GLOBIOM_1.1,EN_INDCi2030_2500f_NDCp,,,,,,,,,,,,,,,,,,,,,,,,,,,,,,,,,,,C5,
MESSAGEix-GLOBIOM_1.1,EN_INDCi2030_3000,,,,,,,,,,,,,,,,,,,,,,,,,,,,,,,,,,,C6,
MESSAGEix-GLOBIOM_1.1,EN_INDCi2030_3000_COV,,,,,,,,,,,,,,,,,,,,,,,,,,,,,,,,,,,C6,
MESSAGEix-GLOBIOM_1.1,EN_INDCi2030_3000_COV_NDCp,,,,,,,,,,,,,,,,,,,,,,,,,,,,,,,,,,,C6,
MESSAGEix-GLOBIOM_1.1,EN_INDCi2030_3000_NDCp,,,,,,,,,,,,,,,,,,,,,,,,,,,,,,,,,,,C6,
MESSAGEix-GLOBIOM_1.1,EN_INDCi2030_3000f,,,,,,,,,,,,,,,,,,,,,,,,,,,,,,,,,,,C6,
MESSAGEix-GLOBIOM_1.1,EN_INDCi2030_3000f_COV,,,,,,,,,,,,,,,,,,,,,,,,,,,,,,,,,,,C6,
MESSAGEix-GLOBIOM_1.1,EN_INDCi2030_3000f_COV_NDCp,,,,,,,,,,,,,,,,,,,,,,,,,,,,,,,,,,,C6,
MESSAGEix-GLOBIOM_1.1,EN_INDCi2030_3000f_NDCp,,,,,,,,,,,,,,,,,,,,,,,,,,,,,,,,,,,C6,
MESSAGEix-GLOBIOM_1.1,EN_INDCi2030_600f_COV,,,,,,,,,,,,,,,,,,,,,,,,,,,,,,,,,,,C2,
MESSAGEix-GLOBIOM_1.1,EN_INDCi2030_600f_COV_NDCp,,,,,,,,,,,,,,,,,,,,,,,,,,,,,,,,,,,C2,
MESSAGEix-GLOBIOM_1.1,EN_INDCi2030_700f,,,,,,,,,,,,,,,,,,,,,,,,,,,,,,,,,,,C2,
MESSAGEix-GLOBIOM_1.1,EN_INDCi2030_700f_COV,,,,,,,,,,,,,,,,,,,,,,,,,,,,,,,,,,,C2,
MESSAGEix-GLOBIOM_1.1,EN_INDCi2030_700f_COV_NDCp,,,,,,,,,,,,,,,,,,,,,,,,,,,,,,,,,,,C2,
MESSAGEix-GLOBIOM_1.1,EN_INDCi2030_700f_NDCp,,,,,,,,,,,,,,,,,,,,,,,,,,,,,,,,,,,C2,
MESSAGEix-GLOBIOM_1.1,EN_INDCi2030_800f,,,,,,,,,,,,,,,,,,,,,,,,,,,,,,,,,,,C3,
MESSAGEix-GLOBIOM_1.1,EN_INDCi2030_800f_COV,,,,,,,,,,,,,,,,,,,,,,,,,,,,,,,,,,,C3,
MESSAGEix-GLOBIOM_1.1,EN_INDCi2030_800f_COV_NDCp,,,,,,,,,,,,,,,,,,,,,,,,,,,,,,,,,,,C3,
MESSAGEix-GLOBIOM_1.1,EN_INDCi2030_800f_NDCp,,,,,,,,,,,,,,,,,,,,,,,,,,,,,,,,,,,C3,
MESSAGEix-GLOBIOM_1.1,EN_INDCi2030_900f,,,,,,,,,,,,,,,,,,,,,,,,,,,,,,,,,,,C3,
MESSAGEix-GLOBIOM_1.1,EN_INDCi2030_900f_COV,,,,,,,,,,,,,,,,,,,,,,,,,,,,,,,,,,,C3,
MESSAGEix-GLOBIOM_1.1,EN_INDCi2030_900f_COV_NDCp,,,,,,,,,,,,,,,,,,,,,,,,,,,,,,,,,,,C3,
MESSAGEix-GLOBIOM_1.1,EN_INDCi2030_900f_NDCp,,,,,,,,,,,,,,,,,,,,,,,,,,,,,,,,,,,C3,
MESSAGEix-GLOBIOM_1.1,EN_INDCi2030_950_COV,,,,,,,,,,,,,,,,,,,,,,,,,,,,,,,,,,,C3,
MESSAGEix-GLOBIOM_1.1,EN_INDCi2030_950_COV_NDCp,,,,,,,,,,,,,,,,,,,,,,,,,,,,,,,,,,,C3,
MESSAGEix-GLOBIOM_1.1,EN_INDCi2030_950f_COV,,,,,,,,,,,,,,,,,,,,,,,,,,,,,,,,,,,C3,
MESSAGEix-GLOBIOM_1.1,EN_INDCi2030_950f_COV_NDCp,,,,,,,,,,,,,,,,,,,,,,,,,,,,,,,,,,,C3,
MESSAGEix-GLOBIOM_1.1,EN_INDCi2100,,,,,,,,,,,,,,,,,,,,,,,,,,,,,,,,,,,C6,
MESSAGEix-GLOBIOM_1.1,EN_INDCi2100_COV,,,,,,,,,,,,,,,,,,,,,,,,,,,,,,,,,,,C6,
MESSAGEix-GLOBIOM_1.1,EN_INDCi2100_COV_NDCp,,,,,,,,,,,,,,,,,,,,,,,,,,,,,,,,,,,C6,
MESSAGEix-GLOBIOM_1.1,EN_INDCi2100_NDCp,,,,,,,,,,,,,,,,,,,,,,,,,,,,,,,,,,,C6,
MESSAGEix-GLOBIOM_1.1,EN_NPi2020_1000,,,,,,,,,,,,,,,,,,,,,,,,,,,,,,,,,,,C3,
MESSAGEix-GLOBIOM_1.1,EN_NPi2020_1000_COV,,,,,,,,,,,,,,,,,,,,,,,,,,,,,,,,,,,C3,
MESSAGEix-GLOBIOM_1.1,EN_NPi2020_1000_DR10p,,,,,,,,,,,,,,,,,,,,,,,,,,,,,,,,,,,C3,
MESSAGEix-GLOBIOM_1.1,EN_NPi2020_1000_DR1p,,,,,,,,,,,,,,,,,,,,,,,,,,,,,,,,,,,C3,
MESSAGEix-GLOBIOM_1.1,EN_NPi2020_1000_DR2p,,,,,,,,,,,,,,,,,,,,,,,,,,,,,,,,,,,C3,
MESSAGEix-GLOBIOM_1.1,EN_NPi2020_1000_DR3p,,,,,,,,,,,,,,,,,,,,,,,,,,,,,,,,,,,C3,
MESSAGEix-GLOBIOM_1.1,EN_NPi2020_1000_DR4p,,,,,,,,,,,,,,,,,,,,,,,,,,,,,,,,,,,C3,
MESSAGEix-GLOBIOM_1.1,EN_NPi2020_1000f,,,,,,,,,,,,,,,,,,,,,,,,,,,,,,,,,,,C3,
MESSAGEix-GLOBIOM_1.1,EN_NPi2020_1000f_COV,,,,,,,,,,,,,,,,,,,,,,,,,,,,,,,,,,,C3,
MESSAGEix-GLOBIOM_1.1,EN_NPi2020_1000f_DR10p,,,,,,,,,,,,,,,,,,,,,,,,,,,,,,,,,,,C4,
MESSAGEix-GLOBIOM_1.1,EN_NPi2020_1000f_DR1p,,,,,,,,,,,,,,,,,,,,,,,,,,,,,,,,,,,C3,
MESSAGEix-GLOBIOM_1.1,EN_NPi2020_1000f_DR2p,,,,,,,,,,,,,,,,,,,,,,,,,,,,,,,,,,,C3,
MESSAGEix-GLOBIOM_1.1,EN_NPi2020_1000f_DR3p,,,,,,,,,,,,,,,,,,,,,,,,,,,,,,,,,,,C3,
MESSAGEix-GLOBIOM_1.1,EN_NPi2020_1000f_DR4p,,,,,,,,,,,,,,,,,,,,,,,,,,,,,,,,,,,C3,
MESSAGEix-GLOBIOM_1.1,EN_NPi2020_1200,,,,,,,,,,,,,,,,,,,,,,,,,,,,,,,,,,,C3,
MESSAGEix-GLOBIOM_1.1,EN_NPi2020_1200_COV,,,,,,,,,,,,,,,,,,,,,,,,,,,,,,,,,,,C3,
MESSAGEix-GLOBIOM_1.1,EN_NPi2020_1200f,,,,,,,,,,,,,,,,,,,,,,,,,,,,,,,,,,,C4,
MESSAGEix-GLOBIOM_1.1,EN_NPi2020_1200f_COV,,,,,,,,,,,,,,,,,,,,,,,,,,,,,,,,,,,C4,
MESSAGEix-GLOBIOM_1.1,EN_NPi2020_1400,,,,,,,,,,,,,,,,,,,,,,,,,,,,,,,,,,,C4,
MESSAGEix-GLOBIOM_1.1,EN_NPi2020_1400_COV,,,,,,,,,,,,,,,,,,,,,,,,,,,,,,,,,,,C4,
MESSAGEix-GLOBIOM_1.1,EN_NPi2020_1400f,,,,,,,,,,,,,,,,,,,,,,,,,,,,,,,,,,,C4,
MESSAGEix-GLOBIOM_1.1,EN_NPi2020_1400f_COV,,,,,,,,,,,,,,,,,,,,,,,,,,,,,,,,,,,C4,
MESSAGEix-GLOBIOM_1.1,EN_NPi2020_1600,,,,,,,,,,,,,,,,,,,,,,,,,,,,,,,,,,,C4,
MESSAGEix-GLOBIOM_1.1,EN_NPi2020_1600_COV,,,,,,,,,,,,,,,,,,,,,,,,,,,,,,,,,,,C4,
MESSAGEix-GLOBIOM_1.1,EN_NPi2020_1600f,,,,,,,,,,,,,,,,,,,,,,,,,,,,,,,,,,,C5,
MESSAGEix-GLOBIOM_1.1,EN_NPi2020_1600f_COV,,,,,,,,,,,,,,,,,,,,,,,,,,,,,,,,,,,C4,
MESSAGEix-GLOBIOM_1.1,EN_NPi2020_1800,,,,,,,,,,,,,,,,,,,,,,,,,,,,,,,,,,,C5,
MESSAGEix-GLOBIOM_1.1,EN_NPi2020_1800_COV,,,,,,,,,,,,,,,,,,,,,,,,,,,,,,,,,,,C5,
MESSAGEix-GLOBIOM_1.1,EN_NPi2020_1800f,,,,,,,,,,,,,,,,,,,,,,,,,,,,,,,,,,,C5,
MESSAGEix-GLOBIOM_1.1,EN_NPi2020_1800f_COV,,,,,,,,,,,,,,,,,,,,,,,,,,,,,,,,,,,C5,
MESSAGEix-GLOBIOM_1.1,EN_NPi2020_2000,,,,,,,,,,,,,,,,,,,,,,,,,,,,,,,,,,,C5,
MESSAGEix-GLOBIOM_1.1,EN_NPi2020_2000_COV,,,,,,,,,,,,,,,,,,,,,,,,,,,,,,,,,,,C5,
MESSAGEix-GLOBIOM_1.1,EN_NPi2020_2000f,,,,,,,,,,,,,,,,,,,,,,,,,,,,,,,,,,,C5,
MESSAGEix-GLOBIOM_1.1,EN_NPi2020_2000f_COV,,,,,,,,,,,,,,,,,,,,,,,,,,,,,,,,,,,C5,
MESSAGEix-GLOBIOM_1.1,EN_NPi2020_2500,,,,,,,,,,,,,,,,,,,,,,,,,,,,,,,,,,,C5,
MESSAGEix-GLOBIOM_1.1,EN_NPi2020_2500_COV,,,,,,,,,,,,,,,,,,,,,,,,,,,,,,,,,,,C5,
MESSAGEix-GLOBIOM_1.1,EN_NPi2020_2500f,,,,,,,,,,,,,,,,,,,,,,,,,,,,,,,,,,,C5,
MESSAGEix-GLOBIOM_1.1,EN_NPi2020_2500f_COV,,,,,,,,,,,,,,,,,,,,,,,,,,,,,,,,,,,C5,
MESSAGEix-GLOBIOM_1.1,EN_NPi2020_3000,,,,,,,,,,,,,,,,,,,,,,,,,,,,,,,,,,,C6,
MESSAGEix-GLOBIOM_1.1,EN_NPi2020_3000_COV,,,,,,,,,,,,,,,,,,,,,,,,,,,,,,,,,,,C6,
MESSAGEix-GLOBIOM_1.1,EN_NPi2020_3000f,,,,,,,,,,,,,,,,,,,,,,,,,,,,,,,,,,,C6,
MESSAGEix-GLOBIOM_1.1,EN_NPi2020_3000f_COV,,,,,,,,,,,,,,,,,,,,,,,,,,,,,,,,,,,C6,
MESSAGEix-GLOBIOM_1.1,EN_NPi2020_600_DR10p,,,,,,,,,,,,,,,,,,,,,,,,,,,,,,,,,,,C2,
MESSAGEix-GLOBIOM_1.1,EN_NPi2020_600f,,,,,,,,,,,,,,,,,,,,,,,,,,,,,,,,,,,C2,
MESSAGEix-GLOBIOM_1.1,EN_NPi2020_600f_DR10p,,,,,,,,,,,,,,,,,,,,,,,,,,,,,,,,,,,C2,
MESSAGEix-GLOBIOM_1.1,EN_NPi2020_600f_DR1p,,,,,,,,,,,,,,,,,,,,,,,,,,,,,,,,,,,C2,
MESSAGEix-GLOBIOM_1.1,EN_NPi2020_600f_DR2p,,,,,,,,,,,,,,,,,,,,,,,,,,,,,,,,,,,C2,
MESSAGEix-GLOBIOM_1.1,EN_NPi2020_600f_DR3p,,,,,,,,,,,,,,,,,,,,,,,,,,,,,,,,,,,C2,
MESSAGEix-GLOBIOM_1.1,EN_NPi2020_600f_DR4p,,,,,,,,,,,,,,,,,,,,,,,,,,,,,,,,,,,C2,
MESSAGEix-GLOBIOM_1.1,EN_NPi2020_700,,,,,,,,,,,,,,,,,,,,,,,,,,,,,,,,,,,C2,
MESSAGEix-GLOBIOM_1.1,EN_NPi2020_700_COV,,,,,,,,,,,,,,,,,,,,,,,,,,,,,,,,,,,C2,
MESSAGEix-GLOBIOM_1.1,EN_NPi2020_700f,,,,,,,,,,,,,,,,,,,,,,,,,,,,,,,,,,,C2,
MESSAGEix-GLOBIOM_1.1,EN_NPi2020_700f_COV,,,,,,,,,,,,,,,,,,,,,,,,,,,,,,,,,,,C2,
MESSAGEix-GLOBIOM_1.1,EN_NPi2020_800,,,,,,,,,,,,,,,,,,,,,,,,,,,,,,,,,,,C3,
MESSAGEix-GLOBIOM_1.1,EN_NPi2020_800_COV,,,,,,,,,,,,,,,,,,,,,,,,,,,,,,,,,,,C3,
MESSAGEix-GLOBIOM_1.1,EN_NPi2020_800f,,,,,,,,,,,,,,,,,,,,,,,,,,,,,,,,,,,C3,
MESSAGEix-GLOBIOM_1.1,EN_NPi2020_800f_COV,,,,,,,,,,,,,,,,,,,,,,,,,,,,,,,,,,,C3,
MESSAGEix-GLOBIOM_1.1,EN_NPi2020_900,,,,,,,,,,,,,,,,,,,,,,,,,,,,,,,,,,,C3,
MESSAGEix-GLOBIOM_1.1,EN_NPi2020_900_COV,,,,,,,,,,,,,,,,,,,,,,,,,,,,,,,,,,,C3,
MESSAGEix-GLOBIOM_1.1,EN_NPi2020_900f,,,,,,,,,,,,,,,,,,,,,,,,,,,,,,,,,,,C3,
MESSAGEix-GLOBIOM_1.1,EN_NPi2020_900f_COV,,,,,,,,,,,,,,,,,,,,,,,,,,,,,,,,,,,C3,
MESSAGEix-GLOBIOM_1.1,EN_NPi2100,,,,,,,,,,,,,,,,,,,,,,,,,,,,,,,,,,,C7,
MESSAGEix-GLOBIOM_1.1,EN_NPi2100_COV,,,,,,,,,,,,,,,,,,,,,,,,,,,,,,,,,,,C7,
MESSAGEix-GLOBIOM_1.1,EN_NoPolicy,,,,,,,,,,,,,,,,,,,,,,,,,,,,,,,,,,,C7,
MESSAGEix-GLOBIOM_1.1,NGFS2_Below 2°C,,,,,,,,,,,,,,,,,,,,,,,,,,,,,,,,,,,C3,
MESSAGEix-GLOBIOM_1.1,NGFS2_Current Policies,,,,,,,,,,,,,,,,,,,,,,,,,,,,,,,,,,,C7,
MESSAGEix-GLOBIOM_1.1,NGFS2_Delayed Transition,,,,,,,,,,,,,,,,,,,,,,,,,,,,,,,,,,,C3,
MESSAGEix-GLOBIOM_1.1,NGFS2_Nationally Determined Contributions (NDCs),,,,,,,,,,,,,,,,,,,,,,,,,,,,,,,,,,,C5,
MESSAGEix-GLOBIOM_1.2,COV_GreenPush,,,,,,,,,,,,,,,,,,,,,,,,,,,,,,,,,,,C7,
MESSAGEix-GLOBIOM_1.2,COV_GreenPush_1000,,,,,,,,,,,,,,,,,,,,,,,,,,,,,,,,,,,C3,
MESSAGEix-GLOBIOM_1.2,COV_GreenPush_550,,,,,,,,,,,,,,,,,,,,,,,,,,,,,,,,,,,C1,
MESSAGEix-GLOBIOM_1.2,COV_GreenPush_max_GDP,,,,,,,,,,,,,,,,,,,,,,,,,,,,,,,,,,,C7,
MESSAGEix-GLOBIOM_1.2,COV_GreenPush_min_GDP,,,,,,,,,,,,,,,,,,,,,,,,,,,,,,,,,,,C7,
MESSAGEix-GLOBIOM_1.2,COV_NoPolicyNoCOVID,,,,,,,,,,,,,,,,,,,,,,,,,,,,,,,,,,,C7,
MESSAGEix-GLOBIOM_1.2,COV_NoPolicyNoCOVID_1000,,,,,,,,,,,,,,,,,,,,,,,,,,,,,,,,,,,C3,
MESSAGEix-GLOBIOM_1.2,COV_NoPolicyNoCOVID_550,,,,,,,,,,,,,,,,,,,,,,,,,,,,,,,,,,,C1,
MESSAGEix-GLOBIOM_1.2,COV_Restore,,,,,,,,,,,,,,,,,,,,,,,,,,,,,,,,,,,C7,
MESSAGEix-GLOBIOM_1.2,COV_Restore_1000,,,,,,,,,,,,,,,,,,,,,,,,,,,,,,,,,,,C3,
MESSAGEix-GLOBIOM_1.2,COV_Restore_550,,,,,,,,,,,,,,,,,,,,,,,,,,,,,,,,,,,C1,
MESSAGEix-GLOBIOM_1.2,COV_SelfReliance,,,,,,,,,,,,,,,,,,,,,,,,,,,,,,,,,,,C7,
MESSAGEix-GLOBIOM_1.2,COV_SelfReliance_1000,,,,,,,,,,,,,,,,,,,,,,,,,,,,,,,,,,,C3,
MESSAGEix-GLOBIOM_1.2,COV_SelfReliance_550,,,,,,,,,,,,,,,,,,,,,,,,,,,,,,,,,,,C1,
MESSAGEix-GLOBIOM_1.2,COV_SelfReliance_max_GDP,,,,,,,,,,,,,,,,,,,,,,,,,,,,,,,,,,,C7,
MESSAGEix-GLOBIOM_1.2,COV_SelfReliance_min_GDP,,,,,,,,,,,,,,,,,,,,,,,,,,,,,,,,,,,C7,
MESSAGEix-GLOBIOM_1.2,COV_SmartUse,,,,,,,,,,,,,,,,,,,,,,,,,,,,,,,,,,,C7,
MESSAGEix-GLOBIOM_1.2,COV_SmartUse_1000,,,,,,,,,,,,,,,,,,,,,,,,,,,,,,,,,,,C3,
MESSAGEix-GLOBIOM_1.2,COV_SmartUse_550,,,,,,,,,,,,,,,,,,,,,,,,,,,,,,,,,,,C1,
MESSAGEix-GLOBIOM_GEI 1.0,SSP2_int_lc_15,,,,,,,,,,,,,,,,,,,,,,,,,,,,,,,,,,,C5,
MESSAGEix-GLOBIOM_GEI 1.0,SSP2_int_lc_50,,,,,,,,,,,,,,,,,,,,,,,,,,,,,,,,,,,C3,
MESSAGEix-GLOBIOM_GEI 1.0,SSP2_int_mc_15,,,,,,,,,,,,,,,,,,,,,,,,,,,,,,,,,,,C5,
MESSAGEix-GLOBIOM_GEI 1.0,SSP2_int_mc_50,,,,,,,,,,,,,,,,,,,,,,,,,,,,,,,,,,,C2,
MESSAGEix-GLOBIOM_GEI 1.0,SSP2_noint_lc_15,,,,,,,,,,,,,,,,,,,,,,,,,,,,,,,,,,,C5,
MESSAGEix-GLOBIOM_GEI 1.0,SSP2_noint_lc_50,,,,,,,,,,,,,,,,,,,,,,,,,,,,,,,,,,,C3,
MESSAGEix-GLOBIOM_GEI 1.0,SSP2_noint_mc_15,,,,,,,,,,,,,,,,,,,,,,,,,,,,,,,,,,,C5,
MESSAGEix-GLOBIOM_GEI 1.0,SSP2_noint_mc_50,,,,,,,,,,,,,,,,,,,,,,,,,,,,,,,,,,,C2,
MESSAGEix-GLOBIOM_GEI 1.0,SSP2_openres_lc_100,,,,,,,,,,,,,,,,,,,,,,,,,,,,,,,,,,,C2,
MESSAGEix-GLOBIOM_GEI 1.0,SSP2_openres_lc_120,,,,,,,,,,,,,,,,,,,,,,,,,,,,,,,,,,,C2,
MESSAGEix-GLOBIOM_GEI 1.0,SSP2_openres_lc_15,,,,,,,,,,,,,,,,,,,,,,,,,,,,,,,,,,,C5,
AIM/CGE 2.2,EN_NPi2020_900f,,,,,,,,,,,,,,,,,,,,,,,,,,,,,,,,,,,C3,Neg-2.0
MESSAGEix-GLOBIOM_GEI 1.0,SSP2_openres_lc_80,,,,,,,,,,,,,,,,,,,,,,,,,,,,,,,,,,,C2,
MESSAGEix-GLOBIOM_GEI 1.0,SSP2_openres_lc_CB400,,,,,,,,,,,,,,,,,,,,,,,,,,,,,,,,,,,C2,
MESSAGEix-GLOBIOM_GEI 1.0,SSP2_openres_lc_CB450,,,,,,,,,,,,,,,,,,,,,,,,,,,,,,,,,,,C2,
MESSAGEix-GLOBIOM_GEI 1.0,SSP2_openres_lc_CB500,,,,,,,,,,,,,,,,,,,,,,,,,,,,,,,,,,,C2,
MESSAGEix-GLOBIOM_GEI 1.0,SSP2_openres_lc_CB550,,,,,,,,,,,,,,,,,,,,,,,,,,,,,,,,,,,C2,
MESSAGEix-GLOBIOM_GEI 1.0,SSP2_openres_lc_CB600,,,,,,,,,,,,,,,,,,,,,,,,,,,,,,,,,,,C2,
MESSAGEix-GLOBIOM_GEI 1.0,SSP2_openres_mc_15,,,,,,,,,,,,,,,,,,,,,,,,,,,,,,,,,,,C5,
MESSAGEix-GLOBIOM_GEI 1.0,SSP2_openres_mc_50,,,,,,,,,,,,,,,,,,,,,,,,,,,,,,,,,,,C2,
POLES ADVANCE,ADVANCE_2020_1.5C-2100,,,,,,,,,,,,,,,,,,,,,,,,,,,,,,,,,,,C1,
POLES ADVANCE,ADVANCE_2020_Med2C,,,,,,,,,,,,,,,,,,,,,,,,,,,,,,,,,,,C3,
POLES ADVANCE,ADVANCE_2020_WB2C,,,,,,,,,,,,,,,,,,,,,,,,,,,,,,,,,,,C2,
POLES ADVANCE,ADVANCE_2030_1.5C-2100,,,,,,,,,,,,,,,,,,,,,,,,,,,,,,,,,,,C2,
POLES ADVANCE,ADVANCE_2030_Med2C,,,,,,,,,,,,,,,,,,,,,,,,,,,,,,,,,,,C3,
POLES ADVANCE,ADVANCE_2030_Price1.5C,,,,,,,,,,,,,,,,,,,,,,,,,,,,,,,,,,,C2,
POLES ADVANCE,ADVANCE_2030_WB2C,,,,,,,,,,,,,,,,,,,,,,,,,,,,,,,,,,,C2,
POLES ADVANCE,ADVANCE_INDC,,,,,,,,,,,,,,,,,,,,,,,,,,,,,,,,,,,C5,
POLES ADVANCE,ADVANCE_NoPolicy,,,,,,,,,,,,,,,,,,,,,,,,,,,,,,,,,,,C7,
POLES ADVANCE,ADVANCE_Reference,,,,,,,,,,,,,,,,,,,,,,,,,,,,,,,,,,,C7,
POLES CD-LINKS,CD-LINKS_NoPolicy,,,,,,,,,,,,,,,,,,,,,,,,,,,,,,,,,,,C7,
POLES EMF30,EMF30_BCOC-EndU,,,,,,,,,,,,,,,,,,,,,,,,,,,,,,,,,,,C7,
POLES EMF30,EMF30_Baseline,,,,,,,,,,,,,,,,,,,,,,,,,,,,,,,,,,,C7,
POLES EMF30,EMF30_D_BCOC-Red,,,,,,,,,,,,,,,,,,,,,,,,,,,,,,,,,,,C7,
POLES EMF30,EMF30_D_CO2-Only,,,,,,,,,,,,,,,,,,,,,,,,,,,,,,,,,,,C4,
POLES EMF30,EMF30_D_Frozen-CH4,,,,,,,,,,,,,,,,,,,,,,,,,,,,,,,,,,,C7,
POLES EMF30,EMF30_D_Frozen-EF,,,,,,,,,,,,,,,,,,,,,,,,,,,,,,,,,,,C7,
POLES EMF30,EMF30_D_Frozen-EF-EndU,,,,,,,,,,,,,,,,,,,,,,,,,,,,,,,,,,,C7,
POLES EMF30,EMF30_D_Frozen-EF-SLCF,,,,,,,,,,,,,,,,,,,,,,,,,,,,,,,,,,,C7,
POLES EMF30,EMF30_Slower-to-faster,,,,,,,,,,,,,,,,,,,,,,,,,,,,,,,,,,,C2,
POLES EMF33,EMF33_Baseline,,,,,,,,,,,,,,,,,,,,,,,,,,,,,,,,,,,C7,
POLES EMF33,EMF33_Med2C_cost100,,,,,,,,,,,,,,,,,,,,,,,,,,,,,,,,,,,C3,
POLES EMF33,EMF33_Med2C_full,,,,,,,,,,,,,,,,,,,,,,,,,,,,,,,,,,,C3,
POLES EMF33,EMF33_Med2C_limbio,,,,,,,,,,,,,,,,,,,,,,,,,,,,,,,,,,,C3,
POLES EMF33,EMF33_Med2C_nobeccs,,,,,,,,,,,,,,,,,,,,,,,,,,,,,,,,,,,C3,
POLES EMF33,EMF33_Med2C_nofuel,,,,,,,,,,,,,,,,,,,,,,,,,,,,,,,,,,,C3,
POLES EMF33,EMF33_Med2C_none,,,,,,,,,,,,,,,,,,,,,,,,,,,,,,,,,,,C3,
POLES EMF33,EMF33_WB2C_cost100,,,,,,,,,,,,,,,,,,,,,,,,,,,,,,,,,,,C1,
POLES EMF33,EMF33_WB2C_full,,,,,,,,,,,,,,,,,,,,,,,,,,,,,,,,,,,C1,
POLES EMF33,EMF33_WB2C_nofuel,,,,,,,,,,,,,,,,,,,,,,,,,,,,,,,,,,,C1,
POLES EMF33,EMF33_tax_hi_full,,,,,,,,,,,,,,,,,,,,,,,,,,,,,,,,,,,C4,
POLES EMF33,EMF33_tax_hi_none,,,,,,,,,,,,,,,,,,,,,,,,,,,,,,,,,,,C4,
POLES EMF33,EMF33_tax_lo_full,,,,,,,,,,,,,,,,,,,,,,,,,,,,,,,,,,,C5,
POLES EMF33,EMF33_tax_lo_none,,,,,,,,,,,,,,,,,,,,,,,,,,,,,,,,,,,C5,
POLES ENGAGE,EN_INDCi2030_1000,,,,,,,,,,,,,,,,,,,,,,,,,,,,,,,,,,,C4,
POLES ENGAGE,EN_INDCi2030_1000_COV,,,,,,,,,,,,,,,,,,,,,,,,,,,,,,,,,,,C4,
POLES ENGAGE,EN_INDCi2030_1000_COV_NDCp,,,,,,,,,,,,,,,,,,,,,,,,,,,,,,,,,,,C4,
POLES ENGAGE,EN_INDCi2030_1000_NDCp,,,,,,,,,,,,,,,,,,,,,,,,,,,,,,,,,,,C4,
POLES ENGAGE,EN_INDCi2030_1000f,,,,,,,,,,,,,,,,,,,,,,,,,,,,,,,,,,,C4,
POLES ENGAGE,EN_INDCi2030_1000f_COV,,,,,,,,,,,,,,,,,,,,,,,,,,,,,,,,,,,C4,
POLES ENGAGE,EN_INDCi2030_1000f_COV_NDCp,,,,,,,,,,,,,,,,,,,,,,,,,,,,,,,,,,,C4,
POLES ENGAGE,EN_INDCi2030_1000f_NDCp,,,,,,,,,,,,,,,,,,,,,,,,,,,,,,,,,,,C4,
POLES ENGAGE,EN_INDCi2030_1200,,,,,,,,,,,,,,,,,,,,,,,,,,,,,,,,,,,C4,
POLES ENGAGE,EN_INDCi2030_1200f,,,,,,,,,,,,,,,,,,,,,,,,,,,,,,,,,,,C4,
POLES ENGAGE,EN_INDCi2030_1400,,,,,,,,,,,,,,,,,,,,,,,,,,,,,,,,,,,C5,
POLES ENGAGE,EN_INDCi2030_1400f,,,,,,,,,,,,,,,,,,,,,,,,,,,,,,,,,,,C5,
POLES ENGAGE,EN_INDCi2030_1600,,,,,,,,,,,,,,,,,,,,,,,,,,,,,,,,,,,C5,
POLES ENGAGE,EN_INDCi2030_1600f,,,,,,,,,,,,,,,,,,,,,,,,,,,,,,,,,,,C5,
POLES ENGAGE,EN_INDCi2030_1800,,,,,,,,,,,,,,,,,,,,,,,,,,,,,,,,,,,C5,
POLES ENGAGE,EN_INDCi2030_1800f,,,,,,,,,,,,,,,,,,,,,,,,,,,,,,,,,,,C5,
POLES ENGAGE,EN_INDCi2030_2000,,,,,,,,,,,,,,,,,,,,,,,,,,,,,,,,,,,C5,
POLES ENGAGE,EN_INDCi2030_2000f,,,,,,,,,,,,,,,,,,,,,,,,,,,,,,,,,,,C5,
POLES ENGAGE,EN_INDCi2030_2500,,,,,,,,,,,,,,,,,,,,,,,,,,,,,,,,,,,C6,
POLES ENGAGE,EN_INDCi2030_2500f,,,,,,,,,,,,,,,,,,,,,,,,,,,,,,,,,,,C6,
POLES ENGAGE,EN_INDCi2030_3000,,,,,,,,,,,,,,,,,,,,,,,,,,,,,,,,,,,C6,
POLES ENGAGE,EN_INDCi2030_3000f,,,,,,,,,,,,,,,,,,,,,,,,,,,,,,,,,,,C6,
POLES ENGAGE,EN_INDCi2030_300f,,,,,,,,,,,,,,,,,,,,,,,,,,,,,,,,,,,C2,
POLES ENGAGE,EN_INDCi2030_400f,,,,,,,,,,,,,,,,,,,,,,,,,,,,,,,,,,,C2,
POLES ENGAGE,EN_INDCi2030_500f,,,,,,,,,,,,,,,,,,,,,,,,,,,,,,,,,,,C3,
POLES ENGAGE,EN_INDCi2030_600f,,,,,,,,,,,,,,,,,,,,,,,,,,,,,,,,,,,C3,
POLES ENGAGE,EN_INDCi2030_600f_COV,,,,,,,,,,,,,,,,,,,,,,,,,,,,,,,,,,,C3,
POLES ENGAGE,EN_INDCi2030_600f_COV_NDCp,,,,,,,,,,,,,,,,,,,,,,,,,,,,,,,,,,,C3,
POLES ENGAGE,EN_INDCi2030_600f_NDCp,,,,,,,,,,,,,,,,,,,,,,,,,,,,,,,,,,,C3,
POLES ENGAGE,EN_INDCi2030_700f,,,,,,,,,,,,,,,,,,,,,,,,,,,,,,,,,,,C3,
POLES ENGAGE,EN_INDCi2030_800f,,,,,,,,,,,,,,,,,,,,,,,,,,,,,,,,,,,C4,
POLES ENGAGE,EN_INDCi2030_900,,,,,,,,,,,,,,,,,,,,,,,,,,,,,,,,,,,C3,
POLES ENGAGE,EN_INDCi2030_900f,,,,,,,,,,,,,,,,,,,,,,,,,,,,,,,,,,,C4,
POLES ENGAGE,EN_INDCi2100,,,,,,,,,,,,,,,,,,,,,,,,,,,,,,,,,,,C7,
POLES ENGAGE,EN_INDCi2100_COV,,,,,,,,,,,,,,,,,,,,,,,,,,,,,,,,,,,C7,
POLES ENGAGE,EN_INDCi2100_COV_NDCp,,,,,,,,,,,,,,,,,,,,,,,,,,,,,,,,,,,C6,
POLES ENGAGE,EN_INDCi2100_NDCp,,,,,,,,,,,,,,,,,,,,,,,,,,,,,,,,,,,C6,
POLES ENGAGE,EN_NPi2020_1000,,,,,,,,,,,,,,,,,,,,,,,,,,,,,,,,,,,C4,
POLES ENGAGE,EN_NPi2020_1000_COV,,,,,,,,,,,,,,,,,,,,,,,,,,,,,,,,,,,C4,
POLES ENGAGE,EN_NPi2020_1000f,,,,,,,,,,,,,,,,,,,,,,,,,,,,,,,,,,,C4,
POLES ENGAGE,EN_NPi2020_1000f_COV,,,,,,,,,,,,,,,,,,,,,,,,,,,,,,,,,,,C4,
POLES ENGAGE,EN_NPi2020_1200,,,,,,,,,,,,,,,,,,,,,,,,,,,,,,,,,,,C4,
POLES ENGAGE,EN_NPi2020_1200f,,,,,,,,,,,,,,,,,,,,,,,,,,,,,,,,,,,C4,
POLES ENGAGE,EN_NPi2020_1400,,,,,,,,,,,,,,,,,,,,,,,,,,,,,,,,,,,C5,
POLES ENGAGE,EN_NPi2020_1400f,,,,,,,,,,,,,,,,,,,,,,,,,,,,,,,,,,,C5,
POLES ENGAGE,EN_NPi2020_1600,,,,,,,,,,,,,,,,,,,,,,,,,,,,,,,,,,,C5,
POLES ENGAGE,EN_NPi2020_1600f,,,,,,,,,,,,,,,,,,,,,,,,,,,,,,,,,,,C5,
POLES ENGAGE,EN_NPi2020_1800,,,,,,,,,,,,,,,,,,,,,,,,,,,,,,,,,,,C5,
POLES ENGAGE,EN_NPi2020_1800f,,,,,,,,,,,,,,,,,,,,,,,,,,,,,,,,,,,C5,
POLES ENGAGE,EN_NPi2020_2000,,,,,,,,,,,,,,,,,,,,,,,,,,,,,,,,,,,C5,
POLES ENGAGE,EN_NPi2020_2000f,,,,,,,,,,,,,,,,,,,,,,,,,,,,,,,,,,,C5,
POLES ENGAGE,EN_NPi2020_2500,,,,,,,,,,,,,,,,,,,,,,,,,,,,,,,,,,,C6,
POLES ENGAGE,EN_NPi2020_2500f,,,,,,,,,,,,,,,,,,,,,,,,,,,,,,,,,,,C6,
POLES ENGAGE,EN_NPi2020_3000,,,,,,,,,,,,,,,,,,,,,,,,,,,,,,,,,,,C6,
POLES ENGAGE,EN_NPi2020_3000f,,,,,,,,,,,,,,,,,,,,,,,,,,,,,,,,,,,C6,
POLES ENGAGE,EN_NPi2020_300f,,,,,,,,,,,,,,,,,,,,,,,,,,,,,,,,,,,C2,
POLES ENGAGE,EN_NPi2020_400f,,,,,,,,,,,,,,,,,,,,,,,,,,,,,,,,,,,C2,
POLES ENGAGE,EN_NPi2020_500,,,,,,,,,,,,,,,,,,,,,,,,,,,,,,,,,,,C3,
POLES ENGAGE,EN_NPi2020_500f,,,,,,,,,,,,,,,,,,,,,,,,,,,,,,,,,,,C3,
POLES ENGAGE,EN_NPi2020_600,,,,,,,,,,,,,,,,,,,,,,,,,,,,,,,,,,,C3,
POLES ENGAGE,EN_NPi2020_600f,,,,,,,,,,,,,,,,,,,,,,,,,,,,,,,,,,,C3,
POLES ENGAGE,EN_NPi2020_600f_COV,,,,,,,,,,,,,,,,,,,,,,,,,,,,,,,,,,,C3,
POLES ENGAGE,EN_NPi2020_700,,,,,,,,,,,,,,,,,,,,,,,,,,,,,,,,,,,C3,
POLES ENGAGE,EN_NPi2020_700f,,,,,,,,,,,,,,,,,,,,,,,,,,,,,,,,,,,C3,
POLES ENGAGE,EN_NPi2020_800,,,,,,,,,,,,,,,,,,,,,,,,,,,,,,,,,,,C3,
POLES ENGAGE,EN_NPi2020_800f,,,,,,,,,,,,,,,,,,,,,,,,,,,,,,,,,,,C4,
POLES ENGAGE,EN_NPi2020_900,,,,,,,,,,,,,,,,,,,,,,,,,,,,,,,,,,,C3,
POLES ENGAGE,EN_NPi2020_900f,,,,,,,,,,,,,,,,,,,,,,,,,,,,,,,,,,,C4,
POLES ENGAGE,EN_NPi2100,,,,,,,,,,,,,,,,,,,,,,,,,,,,,,,,,,,C7,
POLES ENGAGE,EN_NPi2100_COV,,,,,,,,,,,,,,,,,,,,,,,,,,,,,,,,,,,C7,
POLES GECO2019,CO_2Deg2020,,,,,,,,,,,,,,,,,,,,,,,,,,,,,,,,,,,C3,
POLES GECO2019,CO_2Deg2030,,,,,,,,,,,,,,,,,,,,,,,,,,,,,,,,,,,C3,
POLES GECO2019,CO_BAU,,,,,,,,,,,,,,,,,,,,,,,,,,,,,,,,,,,C7,
POLES GECO2019,CO_Bridge,,,,,,,,,,,,,,,,,,,,,,,,,,,,,,,,,,,C2,
POLES GECO2019,CO_Bridge_notax,,,,,,,,,,,,,,,,,,,,,,,,,,,,,,,,,,,C4,
POLES GECO2019,CO_CurPol,,,,,,,,,,,,,,,,,,,,,,,,,,,,,,,,,,,C7,
POLES GECO2019,CO_GPP,,,,,,,,,,,,,,,,,,,,,,,,,,,,,,,,,,,C5,
POLES GECO2019,CO_GPP_notax,,,,,,,,,,,,,,,,,,,,,,,,,,,,,,,,,,,C7,
POLES GECO2019,CO_NDC_2050convergence,,,,,,,,,,,,,,,,,,,,,,,,,,,,,,,,,,,C6,
POLES GECO2019,CO_NDCplus,,,,,,,,,,,,,,,,,,,,,,,,,,,,,,,,,,,C7,
REMIND 1.6,EMF30_BCOC-EndU,,,,,,,,,,,,,,,,,,,,,,,,,,,,,,,,,,,C7,
REMIND 1.6,EMF30_Baseline,,,,,,,,,,,,,,,,,,,,,,,,,,,,,,,,,,,C7,
REMIND 1.6,EMF30_CH4-Only,,,,,,,,,,,,,,,,,,,,,,,,,,,,,,,,,,,C7,
REMIND 1.6,EMF30_D_BCOC-Red,,,,,,,,,,,,,,,,,,,,,,,,,,,,,,,,,,,C7,
REMIND 1.6,EMF30_D_CH4-ClimPolicy,,,,,,,,,,,,,,,,,,,,,,,,,,,,,,,,,,,C7,
REMIND 1.6,EMF30_D_Frozen-CH4,,,,,,,,,,,,,,,,,,,,,,,,,,,,,,,,,,,C8,
REMIND 1.6,EMF30_D_Frozen-EF,,,,,,,,,,,,,,,,,,,,,,,,,,,,,,,,,,,C8,
REMIND 1.6,EMF30_D_Frozen-EF-EndU,,,,,,,,,,,,,,,,,,,,,,,,,,,,,,,,,,,C7,
REMIND 1.6,EMF30_D_Frozen-EF-SLCF,,,,,,,,,,,,,,,,,,,,,,,,,,,,,,,,,,,C8,
REMIND 1.6,EMF30_SLCF,,,,,,,,,,,,,,,,,,,,,,,,,,,,,,,,,,,C7,
REMIND 1.6,EMF30_Slower-Action,,,,,,,,,,,,,,,,,,,,,,,,,,,,,,,,,,,C7,
REMIND 1.6,EMF30_Slower-Action+SLCF,,,,,,,,,,,,,,,,,,,,,,,,,,,,,,,,,,,C6,
REMIND 1.6,EMF30_Slower-to-faster,,,,,,,,,,,,,,,,,,,,,,,,,,,,,,,,,,,C3,
REMIND 1.6,EMF30_Slower-to-faster+SLCF,,,,,,,,,,,,,,,,,,,,,,,,,,,,,,,,,,,C3,
REMIND 1.6,EMF30_Slower-to-faster+SLCF+HFC,,,,,,,,,,,,,,,,,,,,,,,,,,,,,,,,,,,C3,
REMIND 1.7,ADVANCE_2020_1.5C-2100,,,,,,,,,,,,,,,,,,,,,,,,,,,,,,,,,,,C1,
REMIND 1.7,ADVANCE_2020_Med2C,,,,,,,,,,,,,,,,,,,,,,,,,,,,,,,,,,,C3,
REMIND 1.7,ADVANCE_2020_WB2C,,,,,,,,,,,,,,,,,,,,,,,,,,,,,,,,,,,C2,
REMIND 1.7,ADVANCE_2030_1.5C-2100,,,,,,,,,,,,,,,,,,,,,,,,,,,,,,,,,,,C2,
REMIND 1.7,ADVANCE_2030_Med2C,,,,,,,,,,,,,,,,,,,,,,,,,,,,,,,,,,,C4,
REMIND 1.7,ADVANCE_2030_Price1.5C,,,,,,,,,,,,,,,,,,,,,,,,,,,,,,,,,,,C2,
REMIND 1.7,ADVANCE_2030_WB2C,,,,,,,,,,,,,,,,,,,,,,,,,,,,,,,,,,,C2,
REMIND 1.7,ADVANCE_INDC,,,,,,,,,,,,,,,,,,,,,,,,,,,,,,,,,,,C6,
REMIND 1.7,ADVANCE_NoPolicy,,,,,,,,,,,,,,,,,,,,,,,,,,,,,,,,,,,C7,
REMIND 1.7,ADVANCE_Reference,,,,,,,,,,,,,,,,,,,,,,,,,,,,,,,,,,,C7,
REMIND 1.7,CEMICS-1.5-CDR12,,,,,,,,,,,,,,,,,,,,,,,,,,,,,,,,,,,C1,
REMIND 1.7,CEMICS-1.5-CDR20,,,,,,,,,,,,,,,,,,,,,,,,,,,,,,,,,,,C1,
REMIND 1.7,CEMICS-2.0-CDR12,,,,,,,,,,,,,,,,,,,,,,,,,,,,,,,,,,,C2,
REMIND 1.7,CEMICS-2.0-CDR20,,,,,,,,,,,,,,,,,,,,,,,,,,,,,,,,,,,C2,
REMIND 1.7,CEMICS-2.0-CDR8,,,,,,,,,,,,,,,,,,,,,,,,,,,,,,,,,,,C1,
REMIND 1.7,CEMICS-Ref,,,,,,,,,,,,,,,,,,,,,,,,,,,,,,,,,,,C7,
REMIND 2.1,CEMICS_GDPgrowth_2C,,,,,,,,,,,,,,,,,,,,,,,,,,,,,,,,,,,C3,
REMIND 2.1,CEMICS_HotellingConst_2C,,,,,,,,,,,,,,,,,,,,,,,,,,,,,,,,,,,C3,
REMIND 2.1,CEMICS_Linear_2C,,,,,,,,,,,,,,,,,,,,,,,,,,,,,,,,,,,C3,
REMIND 2.1,CEMICS_NPI,,,,,,,,,,,,,,,,,,,,,,,,,,,,,,,,,,,C7,
REMIND 2.1,CEMICS_opt_2C,,,,,,,,,,,,,,,,,,,,,,,,,,,,,,,,,,,C3,
REMIND 2.1,LeastTotalCost_Base_brkLR15_SSP1_P50,,,,,,,,,,,,,,,,,,,,,,,,,,,,,,,,,,,C6,
REMIND 2.1,LeastTotalCost_Base_brkLR15_SSP2_P50,,,,,,,,,,,,,,,,,,,,,,,,,,,,,,,,,,,C7,
REMIND 2.1,LeastTotalCost_Base_brkLR15_SSP5_P50,,,,,,,,,,,,,,,,,,,,,,,,,,,,,,,,,,,C8,
REMIND 2.1,LeastTotalCost_Base_brkSR15_SSP1_P50,,,,,,,,,,,,,,,,,,,,,,,,,,,,,,,,,,,C6,
REMIND 2.1,LeastTotalCost_Base_brkSR15_SSP2_P50,,,,,,,,,,,,,,,,,,,,,,,,,,,,,,,,,,,C7,
REMIND 2.1,LeastTotalCost_Base_brkSR15_SSP5_P50,,,,,,,,,,,,,,,,,,,,,,,,,,,,,,,,,,,C8,
REMIND 2.1,LeastTotalCost_CBA_brkLR15_SSP2_P50,,,,,,,,,,,,,,,,,,,,,,,,,,,,,,,,,,,C3,
REMIND 2.1,LeastTotalCost_CBA_brkSR15_SSP2_P50,,,,,,,,,,,,,,,,,,,,,,,,,,,,,,,,,,,C3,
REMIND 2.1,LeastTotalCost_CEA_brkLR15_SSP2_P50,,,,,,,,,,,,,,,,,,,,,,,,,,,,,,,,,,,C3,
REMIND 2.1,LeastTotalCost_CEA_brkSR15_SSP2_P50,,,,,,,,,,,,,,,,,,,,,,,,,,,,,,,,,,,C3,
REMIND 2.1,LeastTotalCost_LTC_brkLR15_SSP2_P50,,,,,,,,,,,,,,,,,,,,,,,,,,,,,,,,,,,C3,
REMIND 2.1,LeastTotalCost_LTC_brkLR15_SSP5_P50,,,,,,,,,,,,,,,,,,,,,,,,,,,,,,,,,,,C3,
REMIND 2.1,LeastTotalCost_LTC_brkSR15_SSP1_P50,,,,,,,,,,,,,,,,,,,,,,,,,,,,,,,,,,,C2,
REMIND 2.1,LeastTotalCost_LTC_brkSR15_SSP2_P50,,,,,,,,,,,,,,,,,,,,,,,,,,,,,,,,,,,C3,
REMIND 2.1,LeastTotalCost_LTC_brkSR15_SSP5_P50,,,,,,,,,,,,,,,,,,,,,,,,,,,,,,,,,,,C3,
REMIND 2.1,LeastTotalCost_NDC_brkLR15_SSP2_P50,,,,,,,,,,,,,,,,,,,,,,,,,,,,,,,,,,,C5,
REMIND 2.1,LeastTotalCost_NDC_brkSR15_SSP2_P50,,,,,,,,,,,,,,,,,,,,,,,,,,,,,,,,,,,C5,
REMIND 2.1,LeastTotalCost_NPi_brkLR15_SSP1_P50,,,,,,,,,,,,,,,,,,,,,,,,,,,,,,,,,,,C5,
REMIND 2.1,LeastTotalCost_NPi_brkLR15_SSP2_P50,,,,,,,,,,,,,,,,,,,,,,,,,,,,,,,,,,,C7,
REMIND 2.1,LeastTotalCost_NPi_brkLR15_SSP5_P50,,,,,,,,,,,,,,,,,,,,,,,,,,,,,,,,,,,C8,
REMIND 2.1,LeastTotalCost_NPi_brkSR15_SSP1_P50,,,,,,,,,,,,,,,,,,,,,,,,,,,,,,,,,,,C5,
REMIND 2.1,LeastTotalCost_NPi_brkSR15_SSP2_P50,,,,,,,,,,,,,,,,,,,,,,,,,,,,,,,,,,,C7,
REMIND 2.1,LeastTotalCost_NPi_brkSR15_SSP5_P50,,,,,,,,,,,,,,,,,,,,,,,,,,,,,,,,,,,C8,
REMIND 2.1,R2p1_SSP1-Base,,,,,,,,,,,,,,,,,,,,,,,,,,,,,,,,,,,C6,
REMIND 2.1,R2p1_SSP1-NDC,,,,,,,,,,,,,,,,,,,,,,,,,,,,,,,,,,,C5,
REMIND 2.1,R2p1_SSP1-NPi,,,,,,,,,,,,,,,,,,,,,,,,,,,,,,,,,,,C5,
REMIND 2.1,R2p1_SSP1-PkBudg1100,,,,,,,,,,,,,,,,,,,,,,,,,,,,,,,,,,,C2,
REMIND 2.1,R2p1_SSP1-PkBudg1300,,,,,,,,,,,,,,,,,,,,,,,,,,,,,,,,,,,C2,
REMIND 2.1,R2p1_SSP2-Base,,,,,,,,,,,,,,,,,,,,,,,,,,,,,,,,,,,C7,
REMIND 2.1,R2p1_SSP2-NDC,,,,,,,,,,,,,,,,,,,,,,,,,,,,,,,,,,,C5,
REMIND 2.1,R2p1_SSP2-NPi,,,,,,,,,,,,,,,,,,,,,,,,,,,,,,,,,,,C7,
REMIND 2.1,R2p1_SSP2-PkBudg1100,,,,,,,,,,,,,,,,,,,,,,,,,,,,,,,,,,,C3,
REMIND 2.1,R2p1_SSP2-PkBudg1300,,,,,,,,,,,,,,,,,,,,,,,,,,,,,,,,,,,C3,
REMIND 2.1,R2p1_SSP5-Base,,,,,,,,,,,,,,,,,,,,,,,,,,,,,,,,,,,C8,
REMIND 2.1,R2p1_SSP5-NDC,,,,,,,,,,,,,,,,,,,,,,,,,,,,,,,,,,,C7,
REMIND 2.1,R2p1_SSP5-NPi,,,,,,,,,,,,,,,,,,,,,,,,,,,,,,,,,,,C8,
REMIND 2.1,R2p1_SSP5-PkBudg1100,,,,,,,,,,,,,,,,,,,,,,,,,,,,,,,,,,,C2,
REMIND 2.1,R2p1_SSP5-PkBudg1300,,,,,,,,,,,,,,,,,,,,,,,,,,,,,,,,,,,C3,
REMIND 2.1,TechCost-SSP2-B1100-bioH,,,,,,,,,,,,,,,,,,,,,,,,,,,,,,,,,,,C3,
REMIND 2.1,TechCost-SSP2-B1100-ccsH,,,,,,,,,,,,,,,,,,,,,,,,,,,,,,,,,,,C3,
REMIND 2.1,TechCost-SSP2-B1100-coalH,,,,,,,,,,,,,,,,,,,,,,,,,,,,,,,,,,,C3,
REMIND 2.1,TechCost-SSP2-B1100-elh2H,,,,,,,,,,,,,,,,,,,,,,,,,,,,,,,,,,,C3,
REMIND 2.1,TechCost-SSP2-B1100-gasH,,,,,,,,,,,,,,,,,,,,,,,,,,,,,,,,,,,C3,
REMIND 2.1,TechCost-SSP2-B1100-nucH,,,,,,,,,,,,,,,,,,,,,,,,,,,,,,,,,,,C3,
REMIND 2.1,TechCost-SSP2-B1100-oilH,,,,,,,,,,,,,,,,,,,,,,,,,,,,,,,,,,,C3,
REMIND 2.1,TechCost-SSP2-B1100-spvH,,,,,,,,,,,,,,,,,,,,,,,,,,,,,,,,,,,C3,
REMIND 2.1,TechCost-SSP2-B1100-windH,,,,,,,,,,,,,,,,,,,,,,,,,,,,,,,,,,,C3,
REMIND-Buildings 2.0,BEG-Base,,,,,,,,,,,,,,,,,,,,,,,,,,,,,,,,,,,C7,
REMIND-Buildings 2.0,BEG-Budg600,,,,,,,,,,,,,,,,,,,,,,,,,,,,,,,,,,,C2,
REMIND-Buildings 2.0,BEG-Budg600-EG,,,,,,,,,,,,,,,,,,,,,,,,,,,,,,,,,,,C2,
REMIND-Buildings 2.0,BEG-EG,,,,,,,,,,,,,,,,,,,,,,,,,,,,,,,,,,,C7,
REMIND-MAgPIE 1.5,SSP1-26,,,,,,,,,,,,,,,,,,,,,,,,,,,,,,,,,,,C4,
REMIND-MAgPIE 1.5,SSP1-34,,,,,,,,,,,,,,,,,,,,,,,,,,,,,,,,,,,C5,
REMIND-MAgPIE 1.5,SSP1-45,,,,,,,,,,,,,,,,,,,,,,,,,,,,,,,,,,,C6,
REMIND-MAgPIE 1.5,SSP1-Baseline,,,,,,,,,,,,,,,,,,,,,,,,,,,,,,,,,,,C7,
REMIND-MAgPIE 1.5,SSP2-26,,,,,,,,,,,,,,,,,,,,,,,,,,,,,,,,,,,C3,
REMIND-MAgPIE 1.5,SSP2-34,,,,,,,,,,,,,,,,,,,,,,,,,,,,,,,,,,,C5,
REMIND-MAgPIE 1.5,SSP2-45,,,,,,,,,,,,,,,,,,,,,,,,,,,,,,,,,,,C6,
REMIND-MAgPIE 1.5,SSP2-60,,,,,,,,,,,,,,,,,,,,,,,,,,,,,,,,,,,C7,
REMIND-MAgPIE 1.5,SSP2-Baseline,,,,,,,,,,,,,,,,,,,,,,,,,,,,,,,,,,,C7,
REMIND-MAgPIE 1.5,SSP5-19,,,,,,,,,,,,,,,,,,,,,,,,,,,,,,,,,,,C2,
REMIND-MAgPIE 1.5,SSP5-26,,,,,,,,,,,,,,,,,,,,,,,,,,,,,,,,,,,C4,
REMIND-MAgPIE 1.5,SSP5-34,,,,,,,,,,,,,,,,,,,,,,,,,,,,,,,,,,,C5,
REMIND-MAgPIE 1.5,SSP5-45,,,,,,,,,,,,,,,,,,,,,,,,,,,,,,,,,,,C6,
REMIND-MAgPIE 1.5,SSP5-60,,,,,,,,,,,,,,,,,,,,,,,,,,,,,,,,,,,C7,
REMIND-MAgPIE 1.5,SSP5-Baseline,,,,,,,,,,,,,,,,,,,,,,,,,,,,,,,,,,,C8,
REMIND-MAgPIE 1.7-3.0,CD-LINKS_INDC2030i_1000,,,,,,,,,,,,,,,,,,,,,,,,,,,,,,,,,,,C2,
REMIND-MAgPIE 1.7-3.0,CD-LINKS_INDC2030i_1600,,,,,,,,,,,,,,,,,,,,,,,,,,,,,,,,,,,C4,
REMIND-MAgPIE 1.7-3.0,CD-LINKS_INDC2030i_400,,,,,,,,,,,,,,,,,,,,,,,,,,,,,,,,,,,C2,
REMIND-MAgPIE 1.7-3.0,CD-LINKS_INDCi,,,,,,,,,,,,,,,,,,,,,,,,,,,,,,,,,,,C7,
REMIND-MAgPIE 1.7-3.0,CD-LINKS_NDC2030i_1000,,,,,,,,,,,,,,,,,,,,,,,,,,,,,,,,,,,C3,
REMIND-MAgPIE 1.7-3.0,CD-LINKS_NPi,,,,,,,,,,,,,,,,,,,,,,,,,,,,,,,,,,,C7,
REMIND-MAgPIE 1.7-3.0,CD-LINKS_NPi2020_1000,,,,,,,,,,,,,,,,,,,,,,,,,,,,,,,,,,,C2,
REMIND-MAgPIE 1.7-3.0,CD-LINKS_NPi2020_1600,,,,,,,,,,,,,,,,,,,,,,,,,,,,,,,,,,,C4,
REMIND-MAgPIE 1.7-3.0,CD-LINKS_NoPolicy,,,,,,,,,,,,,,,,,,,,,,,,,,,,,,,,,,,C7,
REMIND-MAgPIE 1.7-3.0,CO_2Deg2020,,,,,,,,,,,,,,,,,,,,,,,,,,,,,,,,,,,C2,
REMIND-MAgPIE 1.7-3.0,CO_2Deg2030,,,,,,,,,,,,,,,,,,,,,,,,,,,,,,,,,,,C2,
REMIND-MAgPIE 1.7-3.0,CO_BAU,,,,,,,,,,,,,,,,,,,,,,,,,,,,,,,,,,,C7,
REMIND-MAgPIE 1.7-3.0,CO_Bridge,,,,,,,,,,,,,,,,,,,,,,,,,,,,,,,,,,,C2,
REMIND-MAgPIE 1.7-3.0,CO_CurPol,,,,,,,,,,,,,,,,,,,,,,,,,,,,,,,,,,,C7,
REMIND-MAgPIE 1.7-3.0,CO_GPP,,,,,,,,,,,,,,,,,,,,,,,,,,,,,,,,,,,C5,
REMIND-MAgPIE 1.7-3.0,CO_NDCplus,,,,,,,,,,,,,,,,,,,,,,,,,,,,,,,,,,,C7,
REMIND-MAgPIE 1.7-3.0,EMF33_1.5C_cost100,,,,,,,,,,,,,,,,,,,,,,,,,,,,,,,,,,,C2,
REMIND-MAgPIE 1.7-3.0,EMF33_1.5C_full,,,,,,,,,,,,,,,,,,,,,,,,,,,,,,,,,,,C2,
REMIND-MAgPIE 1.7-3.0,EMF33_1.5C_nofuel,,,,,,,,,,,,,,,,,,,,,,,,,,,,,,,,,,,C1,
REMIND-MAgPIE 1.7-3.0,EMF33_Baseline,,,,,,,,,,,,,,,,,,,,,,,,,,,,,,,,,,,C8,
REMIND-MAgPIE 1.7-3.0,EMF33_Med2C_cost100,,,,,,,,,,,,,,,,,,,,,,,,,,,,,,,,,,,C4,
REMIND-MAgPIE 1.7-3.0,EMF33_Med2C_full,,,,,,,,,,,,,,,,,,,,,,,,,,,,,,,,,,,C5,
REMIND-MAgPIE 1.7-3.0,EMF33_Med2C_limbio,,,,,,,,,,,,,,,,,,,,,,,,,,,,,,,,,,,C3,
REMIND-MAgPIE 1.7-3.0,EMF33_Med2C_nobeccs,,,,,,,,,,,,,,,,,,,,,,,,,,,,,,,,,,,C4,
REMIND-MAgPIE 1.7-3.0,EMF33_Med2C_nofuel,,,,,,,,,,,,,,,,,,,,,,,,,,,,,,,,,,,C4,
REMIND-MAgPIE 1.7-3.0,EMF33_Med2C_none,,,,,,,,,,,,,,,,,,,,,,,,,,,,,,,,,,,C4,
REMIND-MAgPIE 1.7-3.0,EMF33_WB2C_cost100,,,,,,,,,,,,,,,,,,,,,,,,,,,,,,,,,,,C3,
REMIND-MAgPIE 1.7-3.0,EMF33_WB2C_full,,,,,,,,,,,,,,,,,,,,,,,,,,,,,,,,,,,C3,
REMIND-MAgPIE 1.7-3.0,EMF33_WB2C_limbio,,,,,,,,,,,,,,,,,,,,,,,,,,,,,,,,,,,C3,
REMIND-MAgPIE 1.7-3.0,EMF33_WB2C_nobeccs,,,,,,,,,,,,,,,,,,,,,,,,,,,,,,,,,,,C3,
REMIND-MAgPIE 1.7-3.0,EMF33_WB2C_nofuel,,,,,,,,,,,,,,,,,,,,,,,,,,,,,,,,,,,C3,
REMIND-MAgPIE 1.7-3.0,EMF33_WB2C_none,,,,,,,,,,,,,,,,,,,,,,,,,,,,,,,,,,,C3,
REMIND-MAgPIE 1.7-3.0,EMF33_tax_hi_full,,,,,,,,,,,,,,,,,,,,,,,,,,,,,,,,,,,C3,
REMIND-MAgPIE 1.7-3.0,EMF33_tax_hi_none,,,,,,,,,,,,,,,,,,,,,,,,,,,,,,,,,,,C4,
REMIND-MAgPIE 1.7-3.0,EMF33_tax_lo_full,,,,,,,,,,,,,,,,,,,,,,,,,,,,,,,,,,,C5,
REMIND-MAgPIE 1.7-3.0,EMF33_tax_lo_none,,,,,,,,,,,,,,,,,,,,,,,,,,,,,,,,,,,C5,
REMIND-MAgPIE 1.7-3.0,PEP_1p5C_full_NDC,,,,,,,,,,,,,,,,,,,,,,,,,,,,,,,,,,,C2,
REMIND-MAgPIE 1.7-3.0,PEP_1p5C_full_goodpractice,,,,,,,,,,,,,,,,,,,,,,,,,,,,,,,,,,,C2,
REMIND-MAgPIE 1.7-3.0,PEP_1p5C_full_netzero,,,,,,,,,,,,,,,,,,,,,,,,,,,,,,,,,,,C2,
REMIND-MAgPIE 1.7-3.0,PEP_2C_full_NDC,,,,,,,,,,,,,,,,,,,,,,,,,,,,,,,,,,,C2,
REMIND-MAgPIE 1.7-3.0,PEP_2C_full_eff,,,,,,,,,,,,,,,,,,,,,,,,,,,,,,,,,,,C2,
REMIND-MAgPIE 1.7-3.0,PEP_2C_full_goodpractice,,,,,,,,,,,,,,,,,,,,,,,,,,,,,,,,,,,C2,
REMIND-MAgPIE 1.7-3.0,PEP_2C_full_netzero,,,,,,,,,,,,,,,,,,,,,,,,,,,,,,,,,,,C2,
REMIND-MAgPIE 1.7-3.0,PEP_2C_red_NDC,,,,,,,,,,,,,,,,,,,,,,,,,,,,,,,,,,,C2,
REMIND-MAgPIE 1.7-3.0,PEP_2C_red_goodpractice,,,,,,,,,,,,,,,,,,,,,,,,,,,,,,,,,,,C2,
REMIND-MAgPIE 1.7-3.0,PEP_2C_red_netzero,,,,,,,,,,,,,,,,,,,,,,,,,,,,,,,,,,,C2,
REMIND-MAgPIE 1.7-3.0,PEP_NDC,,,,,,,,,,,,,,,,,,,,,,,,,,,,,,,,,,,C7,
REMIND-MAgPIE 1.7-3.0,PEP_NPi,,,,,,,,,,,,,,,,,,,,,,,,,,,,,,,,,,,C7,
REMIND-MAgPIE 1.7-3.0,PEP_NoPolicy,,,,,,,,,,,,,,,,,,,,,,,,,,,,,,,,,,,C7,
REMIND-MAgPIE 1.7-3.0,PEP_goodpractice,,,,,,,,,,,,,,,,,,,,,,,,,,,,,,,,,,,C6,
REMIND-MAgPIE 1.7-3.0,PEP_netzero,,,,,,,,,,,,,,,,,,,,,,,,,,,,,,,,,,,C5,
REMIND-MAgPIE 1.7-3.0,SMP_2C_lifesty,,,,,,,,,,,,,,,,,,,,,,,,,,,,,,,,,,,C1,
REMIND-MAgPIE 1.7-3.0,SMP_REF_Def,,,,,,,,,,,,,,,,,,,,,,,,,,,,,,,,,,,C7,
REMIND-MAgPIE 1.7-3.0,SMP_REF_Sust,,,,,,,,,,,,,,,,,,,,,,,,,,,,,,,,,,,C7,
REMIND-MAgPIE 2.0-4.1,Diff_1300Gt_hybrid_def,,,,,,,,,,,,,,,,,,,,,,,,,,,,,,,,,,,C3,
REMIND-MAgPIE 2.0-4.1,Diff_1300Gt_no-transfer_def,,,,,,,,,,,,,,,,,,,,,,,,,,,,,,,,,,,C3,
REMIND-MAgPIE 2.0-4.1,Diff_1300Gt_uniform-pricing_def,,,,,,,,,,,,,,,,,,,,,,,,,,,,,,,,,,,C3,
REMIND-MAgPIE 2.0-4.1,Diff_No-policy_baseline,,,,,,,,,,,,,,,,,,,,,,,,,,,,,,,,,,,C7,
REMIND-MAgPIE 2.1-4.2,CEMICS_SSP1-Npi,,,,,,,,,,,,,,,,,,,,,,,,,,,,,,,,,,,C6,
REMIND-MAgPIE 2.1-4.2,CEMICS_SSP2-2C-fullCDR,,,,,,,,,,,,,,,,,,,,,,,,,,,,,,,,,,,C3,
REMIND-MAgPIE 2.1-4.2,CEMICS_SSP2-2C-minCDR,,,,,,,,,,,,,,,,,,,,,,,,,,,,,,,,,,,C3,
REMIND-MAgPIE 2.1-4.2,CEMICS_SSP2-Npi,,,,,,,,,,,,,,,,,,,,,,,,,,,,,,,,,,,C7,
REMIND-MAgPIE 2.1-4.2,EN_INDCi2030_1000,,,,,,,,,,,,,,,,,,,,,,,,,,,,,,,,,,,C3,
REMIND-MAgPIE 2.1-4.2,EN_INDCi2030_1000_COV,,,,,,,,,,,,,,,,,,,,,,,,,,,,,,,,,,,C3,
REMIND-MAgPIE 2.1-4.2,EN_INDCi2030_1000_COV_NDCp,,,,,,,,,,,,,,,,,,,,,,,,,,,,,,,,,,,C3,
REMIND-MAgPIE 2.1-4.2,EN_INDCi2030_1000_NDCp,,,,,,,,,,,,,,,,,,,,,,,,,,,,,,,,,,,C3,
REMIND-MAgPIE 2.1-4.2,EN_INDCi2030_1000f,,,,,,,,,,,,,,,,,,,,,,,,,,,,,,,,,,,C3,
REMIND-MAgPIE 2.1-4.2,EN_INDCi2030_1000f_COV,,,,,,,,,,,,,,,,,,,,,,,,,,,,,,,,,,,C3,
REMIND-MAgPIE 2.1-4.2,EN_INDCi2030_1000f_COV_NDCp,,,,,,,,,,,,,,,,,,,,,,,,,,,,,,,,,,,C3,
REMIND-MAgPIE 2.1-4.2,EN_INDCi2030_1000f_NDCp,,,,,,,,,,,,,,,,,,,,,,,,,,,,,,,,,,,C3,
REMIND-MAgPIE 2.1-4.2,EN_INDCi2030_1200,,,,,,,,,,,,,,,,,,,,,,,,,,,,,,,,,,,C3,
REMIND-MAgPIE 2.1-4.2,EN_INDCi2030_1200f,,,,,,,,,,,,,,,,,,,,,,,,,,,,,,,,,,,C3,
REMIND-MAgPIE 2.1-4.2,EN_INDCi2030_1400,,,,,,,,,,,,,,,,,,,,,,,,,,,,,,,,,,,C4,
REMIND-MAgPIE 2.1-4.2,EN_INDCi2030_1400f,,,,,,,,,,,,,,,,,,,,,,,,,,,,,,,,,,,C4,
REMIND-MAgPIE 2.1-4.2,EN_INDCi2030_1600,,,,,,,,,,,,,,,,,,,,,,,,,,,,,,,,,,,C5,
REMIND-MAgPIE 2.1-4.2,EN_INDCi2030_1600f,,,,,,,,,,,,,,,,,,,,,,,,,,,,,,,,,,,C5,
REMIND-MAgPIE 2.1-4.2,EN_INDCi2030_1800,,,,,,,,,,,,,,,,,,,,,,,,,,,,,,,,,,,C5,
REMIND-MAgPIE 2.1-4.2,EN_INDCi2030_1800f,,,,,,,,,,,,,,,,,,,,,,,,,,,,,,,,,,,C5,
REMIND-MAgPIE 2.1-4.2,EN_INDCi2030_2000,,,,,,,,,,,,,,,,,,,,,,,,,,,,,,,,,,,C5,
REMIND-MAgPIE 2.1-4.2,EN_INDCi2030_2000f,,,,,,,,,,,,,,,,,,,,,,,,,,,,,,,,,,,C5,
REMIND-MAgPIE 2.1-4.2,EN_INDCi2030_2500,,,,,,,,,,,,,,,,,,,,,,,,,,,,,,,,,,,C6,
REMIND-MAgPIE 2.1-4.2,EN_INDCi2030_2500f,,,,,,,,,,,,,,,,,,,,,,,,,,,,,,,,,,,C6,
REMIND-MAgPIE 2.1-4.2,EN_INDCi2030_3000,,,,,,,,,,,,,,,,,,,,,,,,,,,,,,,,,,,C6,
REMIND-MAgPIE 2.1-4.2,EN_INDCi2030_3000f,,,,,,,,,,,,,,,,,,,,,,,,,,,,,,,,,,,C6,
REMIND-MAgPIE 2.1-4.2,EN_INDCi2030_300f,,,,,,,,,,,,,,,,,,,,,,,,,,,,,,,,,,,C2,
REMIND-MAgPIE 2.1-4.2,EN_INDCi2030_400f,,,,,,,,,,,,,,,,,,,,,,,,,,,,,,,,,,,C2,
REMIND-MAgPIE 2.1-4.2,EN_INDCi2030_500f,,,,,,,,,,,,,,,,,,,,,,,,,,,,,,,,,,,C2,
REMIND-MAgPIE 2.1-4.2,EN_INDCi2030_600_COV,,,,,,,,,,,,,,,,,,,,,,,,,,,,,,,,,,,C2,
REMIND-MAgPIE 2.1-4.2,EN_INDCi2030_600_COV_NDCp,,,,,,,,,,,,,,,,,,,,,,,,,,,,,,,,,,,C2,
REMIND-MAgPIE 2.1-4.2,EN_INDCi2030_600f,,,,,,,,,,,,,,,,,,,,,,,,,,,,,,,,,,,C2,
REMIND-MAgPIE 2.1-4.2,EN_INDCi2030_600f_COV,,,,,,,,,,,,,,,,,,,,,,,,,,,,,,,,,,,C2,
REMIND-MAgPIE 2.1-4.2,EN_INDCi2030_600f_COV_NDCp,,,,,,,,,,,,,,,,,,,,,,,,,,,,,,,,,,,C2,
REMIND-MAgPIE 2.1-4.2,EN_INDCi2030_600f_NDCp,,,,,,,,,,,,,,,,,,,,,,,,,,,,,,,,,,,C2,
REMIND-MAgPIE 2.1-4.2,EN_INDCi2030_700,,,,,,,,,,,,,,,,,,,,,,,,,,,,,,,,,,,C3,
REMIND-MAgPIE 2.1-4.2,EN_INDCi2030_700f,,,,,,,,,,,,,,,,,,,,,,,,,,,,,,,,,,,C3,
REMIND-MAgPIE 2.1-4.2,EN_INDCi2030_800,,,,,,,,,,,,,,,,,,,,,,,,,,,,,,,,,,,C3,
REMIND-MAgPIE 2.1-4.2,EN_INDCi2030_800f,,,,,,,,,,,,,,,,,,,,,,,,,,,,,,,,,,,C3,
REMIND-MAgPIE 2.1-4.2,EN_INDCi2030_900,,,,,,,,,,,,,,,,,,,,,,,,,,,,,,,,,,,C3,
REMIND-MAgPIE 2.1-4.2,EN_INDCi2030_900f,,,,,,,,,,,,,,,,,,,,,,,,,,,,,,,,,,,C3,
REMIND-MAgPIE 2.1-4.2,EN_INDCi2100,,,,,,,,,,,,,,,,,,,,,,,,,,,,,,,,,,,C5,
REMIND-MAgPIE 2.1-4.2,EN_INDCi2100_COV,,,,,,,,,,,,,,,,,,,,,,,,,,,,,,,,,,,C5,
REMIND-MAgPIE 2.1-4.2,EN_INDCi2100_COV_NDCp,,,,,,,,,,,,,,,,,,,,,,,,,,,,,,,,,,,C5,
REMIND-MAgPIE 2.1-4.2,EN_INDCi2100_NDCp,,,,,,,,,,,,,,,,,,,,,,,,,,,,,,,,,,,C5,
REMIND-MAgPIE 2.1-4.2,EN_NPi2020_1000,,,,,,,,,,,,,,,,,,,,,,,,,,,,,,,,,,,C3,
REMIND-MAgPIE 2.1-4.2,EN_NPi2020_1000_COV,,,,,,,,,,,,,,,,,,,,,,,,,,,,,,,,,,,C3,
REMIND-MAgPIE 2.1-4.2,EN_NPi2020_1000f,,,,,,,,,,,,,,,,,,,,,,,,,,,,,,,,,,,C3,
REMIND-MAgPIE 2.1-4.2,EN_NPi2020_1000f_COV,,,,,,,,,,,,,,,,,,,,,,,,,,,,,,,,,,,C3,
REMIND-MAgPIE 2.1-4.2,EN_NPi2020_1200,,,,,,,,,,,,,,,,,,,,,,,,,,,,,,,,,,,C3,
REMIND-MAgPIE 2.1-4.2,EN_NPi2020_1200f,,,,,,,,,,,,,,,,,,,,,,,,,,,,,,,,,,,C3,
REMIND-MAgPIE 2.1-4.2,EN_NPi2020_1400,,,,,,,,,,,,,,,,,,,,,,,,,,,,,,,,,,,C4,
REMIND-MAgPIE 2.1-4.2,EN_NPi2020_1400f,,,,,,,,,,,,,,,,,,,,,,,,,,,,,,,,,,,C4,
REMIND-MAgPIE 2.1-4.2,EN_NPi2020_1600,,,,,,,,,,,,,,,,,,,,,,,,,,,,,,,,,,,C4,
REMIND-MAgPIE 2.1-4.2,EN_NPi2020_1600f,,,,,,,,,,,,,,,,,,,,,,,,,,,,,,,,,,,C4,
REMIND-MAgPIE 2.1-4.2,EN_NPi2020_1800,,,,,,,,,,,,,,,,,,,,,,,,,,,,,,,,,,,C5,
REMIND-MAgPIE 2.1-4.2,EN_NPi2020_1800f,,,,,,,,,,,,,,,,,,,,,,,,,,,,,,,,,,,C5,
REMIND-MAgPIE 2.1-4.2,EN_NPi2020_2000,,,,,,,,,,,,,,,,,,,,,,,,,,,,,,,,,,,C5,
REMIND-MAgPIE 2.1-4.2,EN_NPi2020_2000f,,,,,,,,,,,,,,,,,,,,,,,,,,,,,,,,,,,C5,
REMIND-MAgPIE 2.1-4.2,EN_NPi2020_2500,,,,,,,,,,,,,,,,,,,,,,,,,,,,,,,,,,,C6,
REMIND-MAgPIE 2.1-4.2,EN_NPi2020_2500f,,,,,,,,,,,,,,,,,,,,,,,,,,,,,,,,,,,C6,
REMIND-MAgPIE 2.1-4.2,EN_NPi2020_3000,,,,,,,,,,,,,,,,,,,,,,,,,,,,,,,,,,,C6,
REMIND-MAgPIE 2.1-4.2,EN_NPi2020_3000f,,,,,,,,,,,,,,,,,,,,,,,,,,,,,,,,,,,C6,
REMIND-MAgPIE 2.1-4.2,EN_NPi2020_600f,,,,,,,,,,,,,,,,,,,,,,,,,,,,,,,,,,,C2,
REMIND-MAgPIE 2.1-4.2,EN_NPi2020_700,,,,,,,,,,,,,,,,,,,,,,,,,,,,,,,,,,,C3,
REMIND-MAgPIE 2.1-4.2,EN_NPi2020_700f,,,,,,,,,,,,,,,,,,,,,,,,,,,,,,,,,,,C3,
REMIND-MAgPIE 2.1-4.2,EN_NPi2020_800,,,,,,,,,,,,,,,,,,,,,,,,,,,,,,,,,,,C3,
REMIND-MAgPIE 2.1-4.2,EN_NPi2020_800f,,,,,,,,,,,,,,,,,,,,,,,,,,,,,,,,,,,C3,
REMIND-MAgPIE 2.1-4.2,EN_NPi2020_900,,,,,,,,,,,,,,,,,,,,,,,,,,,,,,,,,,,C3,
REMIND-MAgPIE 2.1-4.2,EN_NPi2020_900f,,,,,,,,,,,,,,,,,,,,,,,,,,,,,,,,,,,C3,
REMIND-MAgPIE 2.1-4.2,EN_NPi2100,,,,,,,,,,,,,,,,,,,,,,,,,,,,,,,,,,,C7,
REMIND-MAgPIE 2.1-4.2,EN_NPi2100_COV,,,,,,,,,,,,,,,,,,,,,,,,,,,,,,,,,,,C7,
REMIND-MAgPIE 2.1-4.2,EN_NoPolicy,,,,,,,,,,,,,,,,,,,,,,,,,,,,,,,,,,,C7,
REMIND-MAgPIE 2.1-4.2,NGFS2_Below 2°C,,,,,,,,,,,,,,,,,,,,,,,,,,,,,,,,,,,C3,
REMIND-MAgPIE 2.1-4.2,NGFS2_Below 2°C - IPD-95th,,,,,,,,,,,,,,,,,,,,,,,,,,,,,,,,,,,C3,
REMIND-MAgPIE 2.1-4.2,NGFS2_Below 2°C - IPD-median,,,,,,,,,,,,,,,,,,,,,,,,,,,,,,,,,,,C3,
REMIND-MAgPIE 2.1-4.2,NGFS2_Current Policies,,,,,,,,,,,,,,,,,,,,,,,,,,,,,,,,,,,C7,
REMIND-MAgPIE 2.1-4.2,NGFS2_Current Policies - IPD-95th,,,,,,,,,,,,,,,,,,,,,,,,,,,,,,,,,,,C7,
REMIND-MAgPIE 2.1-4.2,NGFS2_Current Policies - IPD-median,,,,,,,,,,,,,,,,,,,,,,,,,,,,,,,,,,,C7,
REMIND-MAgPIE 2.1-4.2,NGFS2_Delayed Transition,,,,,,,,,,,,,,,,,,,,,,,,,,,,,,,,,,,C3,
REMIND-MAgPIE 2.1-4.2,NGFS2_Nationally Determined Contributions (NDCs),,,,,,,,,,,,,,,,,,,,,,,,,,,,,,,,,,,C5,
REMIND-MAgPIE 2.1-4.2,SusDev_SDP-NPi,,,,,,,,,,,,,,,,,,,,,,,,,,,,,,,,,,,C5,
REMIND-MAgPIE 2.1-4.2,SusDev_SSP1-NDC,,,,,,,,,,,,,,,,,,,,,,,,,,,,,,,,,,,C5,
REMIND-MAgPIE 2.1-4.2,SusDev_SSP1-NPi,,,,,,,,,,,,,,,,,,,,,,,,,,,,,,,,,,,C5,
REMIND-MAgPIE 2.1-4.2,SusDev_SSP2-NDC,,,,,,,,,,,,,,,,,,,,,,,,,,,,,,,,,,,C5,
REMIND-MAgPIE 2.1-4.2,SusDev_SSP2-NPi,,,,,,,,,,,,,,,,,,,,,,,,,,,,,,,,,,,C7,
REMIND-MAgPIE 2.1-4.3,DeepElec_SSP2_ HighRE_Budg1100,,,,,,,,,,,,,,,,,,,,,,,,,,,,,,,,,,,C3,
REMIND-MAgPIE 2.1-4.3,DeepElec_SSP2_ HighRE_Budg1300,,,,,,,,,,,,,,,,,,,,,,,,,,,,,,,,,,,C3,
MESSAGEix-GLOBIOM_GEI 1.0,SSP2_openres_lc_50,,,,,,,,,,,,,,,,,,,,,,,,,,,,,,,,,,,C3,Ren-2.0
REMIND-MAgPIE 2.1-4.3,DeepElec_SSP2_Base,,,,,,,,,,,,,,,,,,,,,,,,,,,,,,,,,,,C7,
REMIND-MAgPIE 2.1-4.3,DeepElec_SSP2_Npi,,,,,,,,,,,,,,,,,,,,,,,,,,,,,,,,,,,C7,
REMIND-MAgPIE 2.1-4.3,DeepElec_SSP2_def_Budg1100,,,,,,,,,,,,,,,,,,,,,,,,,,,,,,,,,,,C2,
REMIND-MAgPIE 2.1-4.3,DeepElec_SSP2_def_Budg1300,,,,,,,,,,,,,,,,,,,,,,,,,,,,,,,,,,,C3,
REMIND-Transport 2.1,Transport_Budg1100_Conv,,,,,,,,,,,,,,,,,,,,,,,,,,,,,,,,,,,C3,
REMIND-Transport 2.1,Transport_Budg1100_Conv-LowD,,,,,,,,,,,,,,,,,,,,,,,,,,,,,,,,,,,C3,
REMIND-Transport 2.1,Transport_Budg1100_ConvSyn,,,,,,,,,,,,,,,,,,,,,,,,,,,,,,,,,,,C3,
REMIND-Transport 2.1,Transport_Budg1100_ElecPush,,,,,,,,,,,,,,,,,,,,,,,,,,,,,,,,,,,C3,
REMIND-Transport 2.1,Transport_Budg1100_ElecPush-LowD,,,,,,,,,,,,,,,,,,,,,,,,,,,,,,,,,,,C3,
REMIND-Transport 2.1,Transport_Budg1100_H2Push,,,,,,,,,,,,,,,,,,,,,,,,,,,,,,,,,,,C3,
REMIND-Transport 2.1,Transport_NDC_Conv,,,,,,,,,,,,,,,,,,,,,,,,,,,,,,,,,,,C6,
REMIND-Transport 2.1,Transport_NPi_Conv,,,,,,,,,,,,,,,,,,,,,,,,,,,,,,,,,,,C7,
TIAM-ECN 1.1,EN_INDCi2030_1000,,,,,,,,,,,,,,,,,,,,,,,,,,,,,,,,,,,C3,
TIAM-ECN 1.1,EN_INDCi2030_1000_COV,,,,,,,,,,,,,,,,,,,,,,,,,,,,,,,,,,,C3,
TIAM-ECN 1.1,EN_INDCi2030_1000_NDCp,,,,,,,,,,,,,,,,,,,,,,,,,,,,,,,,,,,C3,
TIAM-ECN 1.1,EN_INDCi2030_1000f,,,,,,,,,,,,,,,,,,,,,,,,,,,,,,,,,,,C3,
TIAM-ECN 1.1,EN_INDCi2030_1000f_COV,,,,,,,,,,,,,,,,,,,,,,,,,,,,,,,,,,,C3,
TIAM-ECN 1.1,EN_INDCi2030_1000f_NDCp,,,,,,,,,,,,,,,,,,,,,,,,,,,,,,,,,,,C3,
TIAM-ECN 1.1,EN_INDCi2030_1200,,,,,,,,,,,,,,,,,,,,,,,,,,,,,,,,,,,C3,
TIAM-ECN 1.1,EN_INDCi2030_1200f,,,,,,,,,,,,,,,,,,,,,,,,,,,,,,,,,,,C3,
TIAM-ECN 1.1,EN_INDCi2030_1400,,,,,,,,,,,,,,,,,,,,,,,,,,,,,,,,,,,C4,
TIAM-ECN 1.1,EN_INDCi2030_1400f,,,,,,,,,,,,,,,,,,,,,,,,,,,,,,,,,,,C4,
TIAM-ECN 1.1,EN_INDCi2030_1600,,,,,,,,,,,,,,,,,,,,,,,,,,,,,,,,,,,C4,
TIAM-ECN 1.1,EN_INDCi2030_1600f,,,,,,,,,,,,,,,,,,,,,,,,,,,,,,,,,,,C5,
TIAM-ECN 1.1,EN_INDCi2030_2000,,,,,,,,,,,,,,,,,,,,,,,,,,,,,,,,,,,C5,
TIAM-ECN 1.1,EN_INDCi2030_2000f,,,,,,,,,,,,,,,,,,,,,,,,,,,,,,,,,,,C5,
TIAM-ECN 1.1,EN_INDCi2030_2500,,,,,,,,,,,,,,,,,,,,,,,,,,,,,,,,,,,C5,
TIAM-ECN 1.1,EN_INDCi2030_2500f,,,,,,,,,,,,,,,,,,,,,,,,,,,,,,,,,,,C5,
TIAM-ECN 1.1,EN_INDCi2030_3000,,,,,,,,,,,,,,,,,,,,,,,,,,,,,,,,,,,C6,
TIAM-ECN 1.1,EN_INDCi2030_3000f,,,,,,,,,,,,,,,,,,,,,,,,,,,,,,,,,,,C6,
TIAM-ECN 1.1,EN_INDCi2030_900,,,,,,,,,,,,,,,,,,,,,,,,,,,,,,,,,,,C3,
TIAM-ECN 1.1,EN_INDCi2030_900f,,,,,,,,,,,,,,,,,,,,,,,,,,,,,,,,,,,C3,
TIAM-ECN 1.1,EN_INDCi2100,,,,,,,,,,,,,,,,,,,,,,,,,,,,,,,,,,,C7,
TIAM-ECN 1.1,EN_INDCi2100_COV,,,,,,,,,,,,,,,,,,,,,,,,,,,,,,,,,,,C7,
TIAM-ECN 1.1,EN_INDCi2100_NDCp,,,,,,,,,,,,,,,,,,,,,,,,,,,,,,,,,,,C7,
TIAM-ECN 1.1,EN_NPi2020_1000,,,,,,,,,,,,,,,,,,,,,,,,,,,,,,,,,,,C3,
TIAM-ECN 1.1,EN_NPi2020_1000_COV,,,,,,,,,,,,,,,,,,,,,,,,,,,,,,,,,,,C3,
TIAM-ECN 1.1,EN_NPi2020_1000f,,,,,,,,,,,,,,,,,,,,,,,,,,,,,,,,,,,C3,
TIAM-ECN 1.1,EN_NPi2020_1000f_COV,,,,,,,,,,,,,,,,,,,,,,,,,,,,,,,,,,,C3,
TIAM-ECN 1.1,EN_NPi2020_1200,,,,,,,,,,,,,,,,,,,,,,,,,,,,,,,,,,,C3,
TIAM-ECN 1.1,EN_NPi2020_1200f,,,,,,,,,,,,,,,,,,,,,,,,,,,,,,,,,,,C3,
TIAM-ECN 1.1,EN_NPi2020_1400,,,,,,,,,,,,,,,,,,,,,,,,,,,,,,,,,,,C4,
TIAM-ECN 1.1,EN_NPi2020_1400f,,,,,,,,,,,,,,,,,,,,,,,,,,,,,,,,,,,C4,
TIAM-ECN 1.1,EN_NPi2020_1600,,,,,,,,,,,,,,,,,,,,,,,,,,,,,,,,,,,C4,
TIAM-ECN 1.1,EN_NPi2020_1600f,,,,,,,,,,,,,,,,,,,,,,,,,,,,,,,,,,,C5,
TIAM-ECN 1.1,EN_NPi2020_2000,,,,,,,,,,,,,,,,,,,,,,,,,,,,,,,,,,,C5,
TIAM-ECN 1.1,EN_NPi2020_2000f,,,,,,,,,,,,,,,,,,,,,,,,,,,,,,,,,,,C5,
TIAM-ECN 1.1,EN_NPi2020_2500,,,,,,,,,,,,,,,,,,,,,,,,,,,,,,,,,,,C5,
TIAM-ECN 1.1,EN_NPi2020_2500f,,,,,,,,,,,,,,,,,,,,,,,,,,,,,,,,,,,C5,
TIAM-ECN 1.1,EN_NPi2020_3000,,,,,,,,,,,,,,,,,,,,,,,,,,,,,,,,,,,C6,
TIAM-ECN 1.1,EN_NPi2020_3000f,,,,,,,,,,,,,,,,,,,,,,,,,,,,,,,,,,,C6,
TIAM-ECN 1.1,EN_NPi2020_800,,,,,,,,,,,,,,,,,,,,,,,,,,,,,,,,,,,C3,
TIAM-ECN 1.1,EN_NPi2020_800f,,,,,,,,,,,,,,,,,,,,,,,,,,,,,,,,,,,C3,
TIAM-ECN 1.1,EN_NPi2020_900,,,,,,,,,,,,,,,,,,,,,,,,,,,,,,,,,,,C3,
TIAM-ECN 1.1,EN_NPi2020_900f,,,,,,,,,,,,,,,,,,,,,,,,,,,,,,,,,,,C3,
TIAM-ECN 1.1,EN_NPi2100,,,,,,,,,,,,,,,,,,,,,,,,,,,,,,,,,,,C7,
TIAM-ECN 1.1,EN_NPi2100_COV,,,,,,,,,,,,,,,,,,,,,,,,,,,,,,,,,,,C7,
WITCH 4.6,DISCRATE_Ref_dr2p,,,,,,,,,,,,,,,,,,,,,,,,,,,,,,,,,,,C8,
WITCH 4.6,DISCRATE_Ref_dr3p,,,,,,,,,,,,,,,,,,,,,,,,,,,,,,,,,,,C8,
WITCH 4.6,DISCRATE_Ref_dr4p,,,,,,,,,,,,,,,,,,,,,,,,,,,,,,,,,,,C8,
WITCH 4.6,DISCRATE_Ref_dr5p,,,,,,,,,,,,,,,,,,,,,,,,,,,,,,,,,,,C8,
WITCH 5.0,CO_2Deg2020,,,,,,,,,,,,,,,,,,,,,,,,,,,,,,,,,,,C3,
WITCH 5.0,CO_2Deg2030,,,,,,,,,,,,,,,,,,,,,,,,,,,,,,,,,,,C3,
WITCH 5.0,CO_BAU,,,,,,,,,,,,,,,,,,,,,,,,,,,,,,,,,,,C7,
WITCH 5.0,CO_CurPol,,,,,,,,,,,,,,,,,,,,,,,,,,,,,,,,,,,C7,
WITCH 5.0,CO_GPP,,,,,,,,,,,,,,,,,,,,,,,,,,,,,,,,,,,C5,
WITCH 5.0,CO_NDC_2050convergence,,,,,,,,,,,,,,,,,,,,,,,,,,,,,,,,,,,C5,
WITCH 5.0,CO_NDCplus,,,,,,,,,,,,,,,,,,,,,,,,,,,,,,,,,,,C6,
WITCH 5.0,EN_INDCi2030_1000,,,,,,,,,,,,,,,,,,,,,,,,,,,,,,,,,,,C3,
WITCH 5.0,EN_INDCi2030_1000_NDCp,,,,,,,,,,,,,,,,,,,,,,,,,,,,,,,,,,,C3,
WITCH 5.0,EN_INDCi2030_1000f,,,,,,,,,,,,,,,,,,,,,,,,,,,,,,,,,,,C3,
WITCH 5.0,EN_INDCi2030_1000f_NDCp,,,,,,,,,,,,,,,,,,,,,,,,,,,,,,,,,,,C3,
WITCH 5.0,EN_INDCi2030_1200,,,,,,,,,,,,,,,,,,,,,,,,,,,,,,,,,,,C4,
WITCH 5.0,EN_INDCi2030_1200_NDCp,,,,,,,,,,,,,,,,,,,,,,,,,,,,,,,,,,,C4,
WITCH 5.0,EN_INDCi2030_1200f,,,,,,,,,,,,,,,,,,,,,,,,,,,,,,,,,,,C4,
WITCH 5.0,EN_INDCi2030_1200f_NDCp,,,,,,,,,,,,,,,,,,,,,,,,,,,,,,,,,,,C4,
WITCH 5.0,EN_INDCi2030_1400,,,,,,,,,,,,,,,,,,,,,,,,,,,,,,,,,,,C4,
WITCH 5.0,EN_INDCi2030_1400_NDCp,,,,,,,,,,,,,,,,,,,,,,,,,,,,,,,,,,,C4,
WITCH 5.0,EN_INDCi2030_1400f,,,,,,,,,,,,,,,,,,,,,,,,,,,,,,,,,,,C4,
WITCH 5.0,EN_INDCi2030_1400f_NDCp,,,,,,,,,,,,,,,,,,,,,,,,,,,,,,,,,,,C4,
WITCH 5.0,EN_INDCi2030_1600,,,,,,,,,,,,,,,,,,,,,,,,,,,,,,,,,,,C5,
WITCH 5.0,EN_INDCi2030_1600_NDCp,,,,,,,,,,,,,,,,,,,,,,,,,,,,,,,,,,,C5,
WITCH 5.0,EN_INDCi2030_1600f,,,,,,,,,,,,,,,,,,,,,,,,,,,,,,,,,,,C5,
WITCH 5.0,EN_INDCi2030_1600f_NDCp,,,,,,,,,,,,,,,,,,,,,,,,,,,,,,,,,,,C5,
WITCH 5.0,EN_INDCi2030_1800,,,,,,,,,,,,,,,,,,,,,,,,,,,,,,,,,,,C5,
WITCH 5.0,EN_INDCi2030_1800_NDCp,,,,,,,,,,,,,,,,,,,,,,,,,,,,,,,,,,,C5,
WITCH 5.0,EN_INDCi2030_1800f,,,,,,,,,,,,,,,,,,,,,,,,,,,,,,,,,,,C5,
WITCH 5.0,EN_INDCi2030_1800f_NDCp,,,,,,,,,,,,,,,,,,,,,,,,,,,,,,,,,,,C5,
WITCH 5.0,EN_INDCi2030_2000,,,,,,,,,,,,,,,,,,,,,,,,,,,,,,,,,,,C5,
WITCH 5.0,EN_INDCi2030_2000_NDCp,,,,,,,,,,,,,,,,,,,,,,,,,,,,,,,,,,,C5,
WITCH 5.0,EN_INDCi2030_2000f,,,,,,,,,,,,,,,,,,,,,,,,,,,,,,,,,,,C5,
WITCH 5.0,EN_INDCi2030_2000f_NDCp,,,,,,,,,,,,,,,,,,,,,,,,,,,,,,,,,,,C5,
WITCH 5.0,EN_INDCi2030_2500,,,,,,,,,,,,,,,,,,,,,,,,,,,,,,,,,,,C5,
WITCH 5.0,EN_INDCi2030_2500_NDCp,,,,,,,,,,,,,,,,,,,,,,,,,,,,,,,,,,,C5,
WITCH 5.0,EN_INDCi2030_2500f,,,,,,,,,,,,,,,,,,,,,,,,,,,,,,,,,,,C5,
WITCH 5.0,EN_INDCi2030_2500f_NDCp,,,,,,,,,,,,,,,,,,,,,,,,,,,,,,,,,,,C5,
WITCH 5.0,EN_INDCi2030_3000,,,,,,,,,,,,,,,,,,,,,,,,,,,,,,,,,,,C6,
WITCH 5.0,EN_INDCi2030_3000_NDCp,,,,,,,,,,,,,,,,,,,,,,,,,,,,,,,,,,,C6,
WITCH 5.0,EN_INDCi2030_3000f,,,,,,,,,,,,,,,,,,,,,,,,,,,,,,,,,,,C6,
WITCH 5.0,EN_INDCi2030_3000f_NDCp,,,,,,,,,,,,,,,,,,,,,,,,,,,,,,,,,,,C6,
WITCH 5.0,EN_INDCi2030_500f,,,,,,,,,,,,,,,,,,,,,,,,,,,,,,,,,,,C2,
WITCH 5.0,EN_INDCi2030_600f,,,,,,,,,,,,,,,,,,,,,,,,,,,,,,,,,,,C3,
WITCH 5.0,EN_INDCi2030_600f_NDCp,,,,,,,,,,,,,,,,,,,,,,,,,,,,,,,,,,,C3,
WITCH 5.0,EN_INDCi2030_700f,,,,,,,,,,,,,,,,,,,,,,,,,,,,,,,,,,,C3,
WITCH 5.0,EN_INDCi2030_700f_NDCp,,,,,,,,,,,,,,,,,,,,,,,,,,,,,,,,,,,C3,
WITCH 5.0,EN_INDCi2030_800,,,,,,,,,,,,,,,,,,,,,,,,,,,,,,,,,,,C3,
WITCH 5.0,EN_INDCi2030_800_NDCp,,,,,,,,,,,,,,,,,,,,,,,,,,,,,,,,,,,C3,
WITCH 5.0,EN_INDCi2030_800f,,,,,,,,,,,,,,,,,,,,,,,,,,,,,,,,,,,C3,
WITCH 5.0,EN_INDCi2030_800f_NDCp,,,,,,,,,,,,,,,,,,,,,,,,,,,,,,,,,,,C3,
WITCH 5.0,EN_INDCi2030_900,,,,,,,,,,,,,,,,,,,,,,,,,,,,,,,,,,,C3,
WITCH 5.0,EN_INDCi2030_900_NDCp,,,,,,,,,,,,,,,,,,,,,,,,,,,,,,,,,,,C3,
WITCH 5.0,EN_INDCi2030_900f,,,,,,,,,,,,,,,,,,,,,,,,,,,,,,,,,,,C3,
WITCH 5.0,EN_INDCi2030_900f_NDCp,,,,,,,,,,,,,,,,,,,,,,,,,,,,,,,,,,,C3,
WITCH 5.0,EN_INDCi2100,,,,,,,,,,,,,,,,,,,,,,,,,,,,,,,,,,,C6,
WITCH 5.0,EN_INDCi2100_NDCp,,,,,,,,,,,,,,,,,,,,,,,,,,,,,,,,,,,C6,
WITCH 5.0,EN_NPi2020_1000,,,,,,,,,,,,,,,,,,,,,,,,,,,,,,,,,,,C3,
WITCH 5.0,EN_NPi2020_1000f,,,,,,,,,,,,,,,,,,,,,,,,,,,,,,,,,,,C3,
WITCH 5.0,EN_NPi2020_1200,,,,,,,,,,,,,,,,,,,,,,,,,,,,,,,,,,,C4,
WITCH 5.0,EN_NPi2020_1200f,,,,,,,,,,,,,,,,,,,,,,,,,,,,,,,,,,,C4,
WITCH 5.0,EN_NPi2020_1400,,,,,,,,,,,,,,,,,,,,,,,,,,,,,,,,,,,C4,
WITCH 5.0,EN_NPi2020_1400f,,,,,,,,,,,,,,,,,,,,,,,,,,,,,,,,,,,C4,
WITCH 5.0,EN_NPi2020_1600,,,,,,,,,,,,,,,,,,,,,,,,,,,,,,,,,,,C4,
WITCH 5.0,EN_NPi2020_1600f,,,,,,,,,,,,,,,,,,,,,,,,,,,,,,,,,,,C4,
WITCH 5.0,EN_NPi2020_1800,,,,,,,,,,,,,,,,,,,,,,,,,,,,,,,,,,,C5,
WITCH 5.0,EN_NPi2020_1800f,,,,,,,,,,,,,,,,,,,,,,,,,,,,,,,,,,,C5,
WITCH 5.0,EN_NPi2020_2000,,,,,,,,,,,,,,,,,,,,,,,,,,,,,,,,,,,C5,
WITCH 5.0,EN_NPi2020_2000f,,,,,,,,,,,,,,,,,,,,,,,,,,,,,,,,,,,C5,
WITCH 5.0,EN_NPi2020_2500,,,,,,,,,,,,,,,,,,,,,,,,,,,,,,,,,,,C5,
WITCH 5.0,EN_NPi2020_2500f,,,,,,,,,,,,,,,,,,,,,,,,,,,,,,,,,,,C5,
WITCH 5.0,EN_NPi2020_3000,,,,,,,,,,,,,,,,,,,,,,,,,,,,,,,,,,,C6,
WITCH 5.0,EN_NPi2020_3000f,,,,,,,,,,,,,,,,,,,,,,,,,,,,,,,,,,,C6,
WITCH 5.0,EN_NPi2020_600f,,,,,,,,,,,,,,,,,,,,,,,,,,,,,,,,,,,C3,
WITCH 5.0,EN_NPi2020_700,,,,,,,,,,,,,,,,,,,,,,,,,,,,,,,,,,,C3,
WITCH 5.0,EN_NPi2020_700f,,,,,,,,,,,,,,,,,,,,,,,,,,,,,,,,,,,C3,
WITCH 5.0,EN_NPi2020_800,,,,,,,,,,,,,,,,,,,,,,,,,,,,,,,,,,,C3,
WITCH 5.0,EN_NPi2020_800f,,,,,,,,,,,,,,,,,,,,,,,,,,,,,,,,,,,C3,
WITCH 5.0,EN_NPi2020_900,,,,,,,,,,,,,,,,,,,,,,,,,,,,,,,,,,,C3,
WITCH 5.0,EN_NPi2020_900f,,,,,,,,,,,,,,,,,,,,,,,,,,,,,,,,,,,C3,
WITCH 5.0,EN_NPi2100,,,,,,,,,,,,,,,,,,,,,,,,,,,,,,,,,,,C7,
WITCH 5.0,EN_NoPolicy,,,,,,,,,,,,,,,,,,,,,,,,,,,,,,,,,,,C7,
WITCH-GLOBIOM 3.1,SSP1-19,,,,,,,,,,,,,,,,,,,,,,,,,,,,,,,,,,,C1,
WITCH-GLOBIOM 3.1,SSP1-Baseline,,,,,,,,,,,,,,,,,,,,,,,,,,,,,,,,,,,C7,
WITCH-GLOBIOM 3.1,SSP2-Baseline,,,,,,,,,,,,,,,,,,,,,,,,,,,,,,,,,,,C8,
WITCH-GLOBIOM 3.1,SSP3-Baseline,,,,,,,,,,,,,,,,,,,,,,,,,,,,,,,,,,,C8,
WITCH-GLOBIOM 3.1,SSP4-19,,,,,,,,,,,,,,,,,,,,,,,,,,,,,,,,,,,C1,
WITCH-GLOBIOM 3.1,SSP4-Baseline,,,,,,,,,,,,,,,,,,,,,,,,,,,,,,,,,,,C7,
WITCH-GLOBIOM 3.1,SSP5-Baseline,,,,,,,,,,,,,,,,,,,,,,,,,,,,,,,,,,,C8,
WITCH-GLOBIOM 4.2,ADVANCE_NoPolicy,,,,,,,,,,,,,,,,,,,,,,,,,,,,,,,,,,,C8,
WITCH-GLOBIOM 4.2,EMF30_BCOC-EndU,,,,,,,,,,,,,,,,,,,,,,,,,,,,,,,,,,,C8,
WITCH-GLOBIOM 4.2,EMF30_Baseline,,,,,,,,,,,,,,,,,,,,,,,,,,,,,,,,,,,C8,
WITCH-GLOBIOM 4.2,EMF30_CH4-Only,,,,,,,,,,,,,,,,,,,,,,,,,,,,,,,,,,,C7,
WITCH-GLOBIOM 4.2,EMF30_D_BCOC-Red,,,,,,,,,,,,,,,,,,,,,,,,,,,,,,,,,,,C8,
WITCH-GLOBIOM 4.2,EMF30_D_Frozen-CH4,,,,,,,,,,,,,,,,,,,,,,,,,,,,,,,,,,,C8,
WITCH-GLOBIOM 4.2,EMF30_D_Frozen-EF,,,,,,,,,,,,,,,,,,,,,,,,,,,,,,,,,,,C7,
WITCH-GLOBIOM 4.2,EMF30_D_Frozen-EF-EndU,,,,,,,,,,,,,,,,,,,,,,,,,,,,,,,,,,,C8,
WITCH-GLOBIOM 4.2,EMF30_D_Frozen-EF-SLCF,,,,,,,,,,,,,,,,,,,,,,,,,,,,,,,,,,,C8,
WITCH-GLOBIOM 4.2,EMF30_SLCF,,,,,,,,,,,,,,,,,,,,,,,,,,,,,,,,,,,C7,
WITCH-GLOBIOM 4.4,CD-LINKS_INDC2030i_1600,,,,,,,,,,,,,,,,,,,,,,,,,,,,,,,,,,,C3,
WITCH-GLOBIOM 4.4,CD-LINKS_INDCi,,,,,,,,,,,,,,,,,,,,,,,,,,,,,,,,,,,C7,
WITCH-GLOBIOM 4.4,CD-LINKS_NDC2030i_1000,,,,,,,,,,,,,,,,,,,,,,,,,,,,,,,,,,,C2,
WITCH-GLOBIOM 4.4,CD-LINKS_NPi,,,,,,,,,,,,,,,,,,,,,,,,,,,,,,,,,,,C7,
WITCH-GLOBIOM 4.4,CD-LINKS_NPi2020_1000,,,,,,,,,,,,,,,,,,,,,,,,,,,,,,,,,,,C1,
WITCH-GLOBIOM 4.4,CD-LINKS_NPi2020_1600,,,,,,,,,,,,,,,,,,,,,,,,,,,,,,,,,,,C3,
WITCH-GLOBIOM 4.4,CD-LINKS_NPi2020_400,,,,,,,,,,,,,,,,,,,,,,,,,,,,,,,,,,,C1,
WITCH-GLOBIOM 4.4,CD-LINKS_NoPolicy,,,,,,,,,,,,,,,,,,,,,,,,,,,,,,,,,,,C7,
